PMID,Title,Authors,Citation,First Author,Journal/Book,Publication Year,Create Date,PMCID,NIHMS ID,DOI,pubmed_url,second_link,pdf_url,download_status,download_error
41850745,A controlled trial comparing dosimetry and radiation pneumonitis between tomotherapy and IMRT in patients with lung or esophageal cancer,"Zhang A, Zhang Y, Yang J, Chen L, Wu N, Qian J, Dai H, Yang D, Zhao L, Zhong L, Cui T, Yang F, Chen G, Gao Y, Luo W, Li G.",J Appl Clin Med Phys. 2026 Mar;27(3):e70537. doi: 10.1002/acm2.70537.,Zhang A,J Appl Clin Med Phys,2026,2026/3/18,,,10.1002/acm2.70537,https://pubmed.ncbi.nlm.nih.gov/41850745/,https://aapm.onlinelibrary.wiley.com/doi/full/10.1002/acm2.70537,https://aapm.onlinelibrary.wiley.com/doi/pdfdirect/10.1002/acm2.70537?hmac=1776335991-119lF89y5AE%2FgCEEPTsEbD9NWvuOg%2F0yuTKKVoyVnjY%3D,failed,
41775003,Development of Radiomics Models to Predict Progression-Free Survival and Early Polymetastatic Progression in Patients With Lung Oligometastases Treated on the Single-Arm Phase II Stereotactic Ablative Radiotherapy-5 Trial,"Kunkyab T, Hyde D, Mou B, Abrina J, Clark H, Javanmardi A, Schellenberg D, Liu M, Tyldesley S, Bergman A, Alexander A, Hsu F, Zhao Y, Olson R, Baker S.",Clin Oncol (R Coll Radiol). 2026 Apr;52:104079. doi: 10.1016/j.clon.2026.104079. Epub 2026 Feb 12.,Kunkyab T,Clin Oncol (R Coll Radiol),2026,2026/3/3,,,10.1016/j.clon.2026.104079,https://pubmed.ncbi.nlm.nih.gov/41775003/,https://www.sciencedirect.com/science/article/pii/S0936655526000506,,failed,row_timeout>150s
41723914,"Upfront treatment with osimertinib in lung cancer patients with and without active brain metastases, and the role of ctDNA as a biomarker; a phase II clinical trial (the FIOL study)","Stensland EM, Stensgaard S, Eide IJZ, Nilssen Y, Horndalsveen H, Cicenas S, Grønberg BH, Ekman S, Hansen KH, Sorensen BS, Brustugun OT.",Lung Cancer. 2026 Apr;214:109338. doi: 10.1016/j.lungcan.2026.109338. Epub 2026 Feb 18.,Stensland EM,Lung Cancer,2026,2026/2/22,,,10.1016/j.lungcan.2026.109338,https://pubmed.ncbi.nlm.nih.gov/41723914/,https://www.sciencedirect.com/science/article/pii/S0169500226000826,,failed,row_timeout>150s
41702246,Ten-year overall survival in resectable stage-III NSCLC - Results of the randomized ESPATUE trial - Long-term survival and competing risk analysis,"Eberhardt WEE, Schulte C, Pöttgen C, Gauler TC, Friedel G, Kopp HG, Fischer B, Schmidtberger H, Kimmich M, Budach W, Cordes S, Metzenmacher M, Zaun G, de Los Rios RH, Spengler W, Belka C, Welter S, Luetke-Brintrup D, Guberina N, Guberina M, Oezkan F, Darwiche K, Schuler M, Stamatis G, Bölükbas S, Hautzel H, Stuschke M.",Eur J Cancer. 2026 Mar 11;236:116256. doi: 10.1016/j.ejca.2026.116256. Epub 2026 Feb 4.,Eberhardt WEE,Eur J Cancer,2026,2026/2/17,,,10.1016/j.ejca.2026.116256,https://pubmed.ncbi.nlm.nih.gov/41702246/,https://www.sciencedirect.com/science/article/pii/S0959804926000365,,failed,"https://www.sciencedirect.com/science/article/pii/S0959804926000365?via=ihub -> HTTP 403 | chrome:https://pubmed.ncbi.nlm.nih.gov/41702246/ -> navigate:TimeoutError:Page.goto: Timeout 1000ms exceeded. Call log: - navigating to ""https://pubmed.ncbi.nlm.nih.gov/41702246/"", waiting until ""domcontentloaded"" | chrome:row_timeout>150s"
41691771,Feasibility and safety of nintedanib in combination with nivolumab in pretreated patients with advanced or metastatic adenocarcinoma of the lung - An AIO phase Ib/II trial,"Reck M, Waller C, Sadjadian P, Kambartel K, Grohé C, Sendler A, Reinmuth N, Rittmeyer A, Marin-Galiano M, Wirtz R, Eckstein M, Keller R, von Suchodoletz H, Sebastian M.",Lung Cancer. 2026 Apr;214:109318. doi: 10.1016/j.lungcan.2026.109318. Epub 2026 Feb 12.,Reck M,Lung Cancer,2026,2026/2/15,,,10.1016/j.lungcan.2026.109318,https://pubmed.ncbi.nlm.nih.gov/41691771/,https://www.sciencedirect.com/science/article/pii/S0169500226000620,,failed,row_timeout>150s
41689889,Overall survival for amivantamab plus lazertinib versus osimertinib as first-line treatment in Asian participants with EGFR-mutant advanced NSCLC: A MARIPOSA subset analysis,"Hayashi H, Cho BC, Kim YJ, Lee SH, Danchaivijitr P, Alip A, Xiong H, How SH, Chang GC, Yang JC, Yamanaka Y, Nahit Şendur MA, Prabhash K, Azuma K, Akawung A, Fennema E, Tang X, Shah S, Sethi S, Lu S.",Lung Cancer. 2026 Apr;214:109305. doi: 10.1016/j.lungcan.2026.109305. Epub 2026 Feb 4.,Hayashi H,Lung Cancer,2026,2026/2/14,,,10.1016/j.lungcan.2026.109305,https://pubmed.ncbi.nlm.nih.gov/41689889/,https://doi.org/10.1016/j.lungcan.2026.109305,,skipped,Missing PDF URL
41671629,Patient-reported outcomes and time to symptomatic progression from PAPILLON: amivantamab plus chemotherapy vs chemotherapy as first-line treatment of EGFR exon 20 insertion-mutated advanced NSCLC,"Paz-Ares L, Veillon R, Majem M, Zhou C, Tang KJ, Kim SW, Richardson G, Girard N, Sanborn RE, Mansfield AS, Park K, Schuchard J, Diels J, Sermon J, Bhattacharya A, Lorenzini P, Wortman-Vayn H, Knoblauch RE, Agrawal T, Baig M, Ono A, Sabari JK.",Lung Cancer. 2026 Mar;213:108788. doi: 10.1016/j.lungcan.2025.108788. Epub 2025 Oct 3.,Paz-Ares L,Lung Cancer,2026,2026/2/11,,,10.1016/j.lungcan.2025.108788,https://pubmed.ncbi.nlm.nih.gov/41671629/,https://linkinghub.elsevier.com/retrieve/pii/S0169-5002(25)00680-4,,skipped,Missing PDF URL
41671628,Amivantamab plus chemotherapy versus chemotherapy for first-line treatment of participants with EGFR exon 20 insertion-mutated advanced non-small cell lung cancer: PAPILLON Asia subgroup analysis,"Zhou C, Tang KJ, Liu B, Kim SW, Kitazono S, Ono A, Thiagarajan M, Hung JY, Boyer M, Çİl T, Yao Y, Nagarkar R, Xie J, Bhattacharya A, Wortman-Vayn H, Baig M, Agrawal T, Lorenzini P, Lee SH, Cho BC.",Lung Cancer. 2026 Mar;213:109302. doi: 10.1016/j.lungcan.2026.109302. Epub 2026 Feb 2.,Zhou C,Lung Cancer,2026,2026/2/11,,,10.1016/j.lungcan.2026.109302,https://pubmed.ncbi.nlm.nih.gov/41671628/,https://linkinghub.elsevier.com/retrieve/pii/S0169-5002(26)00046-2,,skipped,Missing PDF URL
41671625,Combination therapy with lorlatinib and mitogen-activated protein kinase pathway inhibition in previously treated ALK- or ROS1-rearranged lung cancer,"Schneider JL, Muzikansky A, Krueger E, Gainor JF, Lin JJ, Symes S, Shaw AT, Dagogo-Jack I.",Lung Cancer. 2026 Mar;213:108945. doi: 10.1016/j.lungcan.2026.108945. Epub 2026 Jan 27.,Schneider JL,Lung Cancer,2026,2026/2/11,,,10.1016/j.lungcan.2026.108945,https://pubmed.ncbi.nlm.nih.gov/41671625/,https://doi.org/10.1016/j.lungcan.2026.108945,,skipped,Missing PDF URL
41666849,Participation in lung cancer biospecimen studies: an analysis of the ECOG-ACRIN phase 3 E1505 and E5508 clinical trials,"Wang Y, Sun Z, Sridhar A, Ramalingam SS, Wakelee HA, Gerber DE.",Lung Cancer. 2026 Apr;214:109304. doi: 10.1016/j.lungcan.2026.109304. Epub 2026 Feb 7.,Wang Y,Lung Cancer,2026,2026/2/10,,,10.1016/j.lungcan.2026.109304,https://pubmed.ncbi.nlm.nih.gov/41666849/,https://linkinghub.elsevier.com/retrieve/pii/S0169-5002(26)00048-6,,skipped,Missing PDF URL
41632563,Randomized Trial Links Time of Day to Immunotherapy Success,,Cancer Discov. 2026 Mar 2;16(3):OF1. doi: 10.1158/2159-8290.CD-NW2026-0010.,,Cancer Discov,2026,2026/2/3,,,10.1158/2159-8290.CD-NW2026-0010,https://pubmed.ncbi.nlm.nih.gov/41632563/,https://aacrjournals.org/cancerdiscovery/article/16/3/OF1/774826/Randomized-Trial-Links-Time-of-Day-to,,failed,row_timeout>150s
41614649,Tislelizumab plus platinum and etoposide versus placebo plus platinum and etoposide as first-line treatment for extensive-stage small-cell lung cancer: patient-reported outcomes in the RATIONALE-312 trial,"Cheng Y, Qin T, Chen C, B Barnes F, Barnes G.",Curr Med Res Opin. 2025 Dec;41(12):2357-2367. doi: 10.1080/03007995.2026.2620691. Epub 2026 Jan 30.,Cheng Y,Curr Med Res Opin,2025,2026/1/30,,,10.1080/03007995.2026.2620691,https://pubmed.ncbi.nlm.nih.gov/41614649/,https://www.tandfonline.com/doi/full/10.1080/03007995.2026.2620691,https://www.tandfonline.com/doi/pdfdirect/10.1080/03007995.2026.2620691?hmac=1776408824-IUM4VebFhQjPO0BE0STnNWnlbVmAkfvSZvYVy6fX%2Bwg%3D,failed,
41558224,Phase 1/2 trial of brigatinib plus panitumumab in patients with osimertinib-resistant EGFR-mutated non-small cell lung cancer harboring EGFR C797S mutation,"Izumi H, Sakamoto T, Uchibori K, Nishino K, Sakakibara-Konishi J, Katayama R, Nomura S, Matsumoto S, Udagawa H, Shibata Y, Sakai T, Nosaki K, Zenke Y, Yoh K, Niho S, Goto K.",Cancer Treat Res Commun. 2026;46:101105. doi: 10.1016/j.ctarc.2026.101105. Epub 2026 Jan 10.,Izumi H,Cancer Treat Res Commun,2026,2026/1/20,,,10.1016/j.ctarc.2026.101105,https://pubmed.ncbi.nlm.nih.gov/41558224/,https://doi.org/10.1016/j.ctarc.2026.101105,https://www.sciencedirect.com/science/article/pii/S2468294226000146/pdfft?md5=0ea0d9c51d2f11eb1358062c0c0020ac&pid=1-s2.0-S2468294226000146-main.pdf,failed,"Puppeteer: Execution context was destroyed, most likely because of a navigation. | Axios: HTTP 403"
41548595,"Bronchial Arterial Chemoembolization Combined with Tislelizumab for Non-Small Cell Lung Cancer: An Exploratory, Prospective, Single-Arm, Phase II Trial","Liang C, Han D, Li H, Wang M, Kuang D, Chen H, Miao H, Chen P, Lu H, Jiao P, Ren J, Han X, Li F, Duan X.",J Vasc Interv Radiol. 2026 Apr;37(4):108001. doi: 10.1016/j.jvir.2026.108001. Epub 2026 Jan 16.,Liang C,J Vasc Interv Radiol,2026,2026/1/18,,,10.1016/j.jvir.2026.108001,https://pubmed.ncbi.nlm.nih.gov/41548595/,https://linkinghub.elsevier.com/retrieve/pii/S1051-0443(26)00012-6,,skipped,Missing PDF URL
41544643,"Savolitinib plus osimertinib versus chemotherapy for advanced, EGFR mutation-positive, MET-amplified non-small-cell lung cancer in China (SACHI): interim analysis of a multicentre, open-label, phase 3 randomised controlled trial","Lu S, Wang J, Yang N, Lv D, Chen L, Wu L, Li X, Sun L, Yu Y, Jin B, Yang L, Guo Y, Xu H, Yi T, Zeng A, Dong X, Chen J, Wang Z, Niu H, Cheng Y, Pan P, Deng P, Pan H, Min X, Bai J, Liu L, Zhang T, Li J, Fan S, Shi MM, Mok T, Su W; SACHI Study Group.",Lancet. 2026 Jan 24;407(10526):375-387. doi: 10.1016/S0140-6736(25)01811-2. Epub 2026 Jan 13.,Lu S,Lancet,2026,2026/1/16,,,10.1016/S0140-6736(25)01811-2,https://pubmed.ncbi.nlm.nih.gov/41544643/,https://linkinghub.elsevier.com/retrieve/pii/S0140-6736(25)01811-2,,skipped,Missing PDF URL
41544603,Patient-Relevant Outcomes From the Phase III MARIPOSA-2 Trial: Amivantamab-Chemotherapy Versus Chemotherapy in EGFR-Mutant Advanced Non-Small-Cell Lung Cancer Following Disease Progression on Osimertinib,"Tomasini P, Juan-Vidal O, Califano R, Lin CC, Hulo P, Dooms C, Fang J, Blasco A, Kowalski D, Salinas J, Babu G, Mun TL, Bearz A, Surmont V, Baldotto C, Sharma R, Arrieta O, Stencel K, Card C, Zer A, Massarelli E, Fang B, Mashru S, Schuchard J, Sermon J, Diels J, Chu PL, Withelder M, Bauml JM, Shah S, Baig M, Felip E.",Clin Lung Cancer. 2026 Mar;27(2):38-47. doi: 10.1016/j.cllc.2025.12.005. Epub 2025 Dec 20.,Tomasini P,Clin Lung Cancer,2026,2026/1/16,,,10.1016/j.cllc.2025.12.005,https://pubmed.ncbi.nlm.nih.gov/41544603/,https://doi.org/10.1016/j.cllc.2025.12.005,,skipped,Missing PDF URL
41539214,Nintedanib as switch maintenance treatment in malignant pleural mesothelioma (NEMO): A double-blind randomized phase II trial (EORTC-08112-LCG),"Abdel-Rahman O, Taylor P, O'Brien M, Raskin J, Dazzi C, Surmont V, Zonato S, Young R, Toffart AC, Jankowska P, Hassani A, Marreaud S, Boone L, Popat S.",Lung Cancer. 2026 Mar;213:108906. doi: 10.1016/j.lungcan.2026.108906. Epub 2026 Jan 9.,Abdel-Rahman O,Lung Cancer,2026,2026/1/15,,,10.1016/j.lungcan.2026.108906,https://pubmed.ncbi.nlm.nih.gov/41539214/,https://doi.org/10.1016/j.lungcan.2026.108906,,skipped,Missing PDF URL
41500083,Clinical impact of TP53 classifications in previously treated advanced driver-negative non-small cell lung cancer: A biomarker analysis of the OAK and POPLAR randomized clinical trials,"Zhou DD, Lord SJ, Lin FP, Cooper WA, Zaheed M, Simes RJ, John T, Lee CK.",Lung Cancer. 2026 Feb;212:108891. doi: 10.1016/j.lungcan.2025.108891. Epub 2025 Dec 29.,Zhou DD,Lung Cancer,2026,2026/1/7,,,10.1016/j.lungcan.2025.108891,https://pubmed.ncbi.nlm.nih.gov/41500083/,https://linkinghub.elsevier.com/retrieve/pii/S0169-5002(25)00783-4,,skipped,Missing PDF URL
41500061,Phase II trial of neoadjuvant camrelizumab and apatinib in resectable NSCLC: 3-year survival outcomes and dynamic circulating tumor DNA analyses,"Guo W, Zhao L, Chen X, Wang S, Tao X, Li L, Sun Q, Gao Y, Mao Y, Shao K, Lv F, Zhang L, Lei W, Wang D, Li Z, Su K, Wang B, Feng F, Chen X, Wu N, Ying J, Xue Q, Li N, Zhao J, Tan F, Gao S.",Eur J Cancer. 2026 Feb 5;234:116198. doi: 10.1016/j.ejca.2025.116198. Epub 2025 Dec 24.,Guo W,Eur J Cancer,2026,2026/1/7,,,10.1016/j.ejca.2025.116198,https://pubmed.ncbi.nlm.nih.gov/41500061/,https://doi.org/10.1016/j.ejca.2025.116198,,skipped,Missing PDF URL
41499244,Interrelationship Between Patient and Family Caregiver Outcomes Following Lung Cancer Surgery: A Secondary Analysis of a Randomized Controlled Trial,"Keswa ML, Okunowo O, Palmer J, Raz D, Erhunmwunsee L, Ferrell B, Kim JY, Sun V.",Psychooncology. 2026 Jan;35(1):e70378. doi: 10.1002/pon.70378.,Keswa ML,Psychooncology,2026,2026/1/7,,,10.1002/pon.70378,https://pubmed.ncbi.nlm.nih.gov/41499244/,https://onlinelibrary.wiley.com/doi/full/10.1002/pon.70378,https://onlinelibrary.wiley.com/doi/pdfdirect/10.1002/pon.70378?hmac=1776408938-2Rtme9bdAoOg%2F7JhFba3%2FiRjcTsWxV5jLqAQwuVXAOo%3D,failed,
41468879,Efficacy of prophylactic adoption of recombinant human granulocyte colony-stimulating factor in advanced lung cancer patients after chemotherapy,"Yao D, Zhou H, Chen Q.",Tissue Cell. 2026 Apr;99:103288. doi: 10.1016/j.tice.2025.103288. Epub 2025 Dec 21.,Yao D,Tissue Cell,2026,2025/12/30,,,10.1016/j.tice.2025.103288,https://pubmed.ncbi.nlm.nih.gov/41468879/,https://linkinghub.elsevier.com/retrieve/pii/S0040-8166(25)00570-1,,skipped,Missing PDF URL
41429403,High-Dose REirradiation for In-Field Recurrent Lung Cancer in the THOrax (RETHO): Outcomes of a Phase 2 Prospective Clinical Trial,"Cammareri E, Duijm M, Granton PV, Schillemans W, Petit S, Belderbos J, van Werkhoven E, Cornelissen R, Knegjens JL, Nuyttens JJ.",Int J Radiat Oncol Biol Phys. 2026 Apr 1;124(5):1329-1339. doi: 10.1016/j.ijrobp.2025.12.024. Epub 2025 Dec 20.,Cammareri E,Int J Radiat Oncol Biol Phys,2026,2025/12/22,,,10.1016/j.ijrobp.2025.12.024,https://pubmed.ncbi.nlm.nih.gov/41429403/,https://doi.org/10.1016/j.ijrobp.2025.12.024,,skipped,Missing PDF URL
41422917,"A Randomized Phase 2 Trial of Nivolumab and Stereotactic Ablative Body Radiation Therapy in Advanced Non-Small Cell Lung Cancer, Progressing After First- or Second-Line Chemotherapy (NIVORAD)","Kothari G, O'Byrne KJ, Brown C, Stockler MR, Walker M, Hardcastle N, Kron T, Le HV, Kosmider S, Cameron L, Lao L, Mitchell P, Siva S.",Int J Radiat Oncol Biol Phys. 2026 Apr 1;124(5):1363-1370. doi: 10.1016/j.ijrobp.2025.12.021. Epub 2025 Dec 19.,Kothari G,Int J Radiat Oncol Biol Phys,2026,2025/12/21,,,10.1016/j.ijrobp.2025.12.021,https://pubmed.ncbi.nlm.nih.gov/41422917/,https://linkinghub.elsevier.com/retrieve/pii/S0360-3016(25)06610-6,,skipped,Missing PDF URL
41421034,A pathomics model for predicting response to chemo-immunotherapy in lung squamous cell carcinoma: A multicenter study,"Wang D, Mu S, Zhang M, Tao G, Wang S, Shen Y, Xiao G, Zhang X, Han B, Cheng L, Zhong H, Nie W.",Lung Cancer. 2026 Jan;211:108881. doi: 10.1016/j.lungcan.2025.108881. Epub 2025 Dec 16.,Wang D,Lung Cancer,2026,2025/12/20,,,10.1016/j.lungcan.2025.108881,https://pubmed.ncbi.nlm.nih.gov/41421034/,https://linkinghub.elsevier.com/retrieve/pii/S0169-5002(25)00773-1,,skipped,Missing PDF URL
41412267,High-dimensional single-cell analysis evaluating effects of different airway management strategies on perioperative immune cells in non-small cell lung cancer surgery,"Tang J, Wu S, He L, Huang Q, Li H, Yu L, Yang Q, Lie P, Xiao D, He J, Qiu Y, Wang W.",Respir Med. 2026 Feb;252:108585. doi: 10.1016/j.rmed.2025.108585. Epub 2025 Dec 16.,Tang J,Respir Med,2026,2025/12/18,,,10.1016/j.rmed.2025.108585,https://pubmed.ncbi.nlm.nih.gov/41412267/,https://linkinghub.elsevier.com/retrieve/pii/S0954-6111(25)00648-1,,skipped,Missing PDF URL
41389771,Long-term outcomes of preoperative nivolumab with or without relatlimab in patients with resectable non-small-cell lung cancer (NEOpredict-Lung),"Cuppens K, Wiesweg M, Baas P, Maes B, Du Pont B, Ploenes T, Theegarten D, Vanbockrijck M, Aigner C, Hartemink K, Doerr F, Bölükbas S, Pat K, Schuler M.",Eur J Cancer. 2026 Jan 17;233:116165. doi: 10.1016/j.ejca.2025.116165. Epub 2025 Dec 5.,Cuppens K,Eur J Cancer,2026,2025/12/13,,,10.1016/j.ejca.2025.116165,https://pubmed.ncbi.nlm.nih.gov/41389771/,https://doi.org/10.1016/j.ejca.2025.116165,,skipped,Missing PDF URL
41371102,Informed choice for lung cancer screening: A randomised trial of three decision support tools,"Dodd RH, Weber M, McFadden K, Rankin NM.",Lung Cancer. 2026 Jan;211:108874. doi: 10.1016/j.lungcan.2025.108874. Epub 2025 Dec 6.,Dodd RH,Lung Cancer,2026,2025/12/10,,,10.1016/j.lungcan.2025.108874,https://pubmed.ncbi.nlm.nih.gov/41371102/,https://linkinghub.elsevier.com/retrieve/pii/S0169-5002(25)00766-4,,skipped,Missing PDF URL
41365311,"Vebreltinib in MET amplification-driven advanced non-small-cell lung cancer (KUNPENG): a single-arm, multi-cohort, multicentre, phase 2 study","Wu YL, Yao Y, Yang JJ, Wu L, Zhang W, Wang Y, Xu HP, Song Y, Zhang Y, Zhao J, Chen JH, Wang ZH, Wang QM, Hu J, Li XY, Fan Y, Chen Y, Fang J, Han D, Xue WZ, Liu SM, Zhou Q, Zhang PL, Shi HP.",Lancet Oncol. 2026 Jan;27(1):36-44. doi: 10.1016/S1470-2045(25)00594-7. Epub 2025 Dec 6.,Wu YL,Lancet Oncol,2026,2025/12/9,,,10.1016/S1470-2045(25)00594-7,https://pubmed.ncbi.nlm.nih.gov/41365311/,https://doi.org/10.1016/s1470-2045(25)00594-7,,skipped,Missing PDF URL
41354044,"First-line serplulimab plus chemotherapy with or without HLX04 versus chemotherapy in locally advanced or metastatic non-squamous non-small-cell lung cancer (ASTRUM-002): a randomised, double-blind, multicentre phase 3 trial","Wang L, Hao X, Hao Y, Hu Y, Chen C, Chen B, Huang Y, Zang A, Wang Y, Chen Z, Zhuang W, Shi J, Ren X, Nie L, Yu G, Luo F, Mao Y, Wang X, Li B, Bai Y, Shi J, Ni H, Yu H, Li J, Wang Q, Zhu J, Shi Y; ASTRUM-002 Study Group.",Lancet Respir Med. 2026 Feb;14(2):117-128. doi: 10.1016/S2213-2600(25)00263-2. Epub 2025 Dec 4.,Wang L,Lancet Respir Med,2026,2025/12/7,,,10.1016/S2213-2600(25)00263-2,https://pubmed.ncbi.nlm.nih.gov/41354044/,https://doi.org/10.1016/s2213-2600(25)00263-2,,skipped,Missing PDF URL
41344593,Perioperative tislelizumab plus neoadjuvant chemotherapy for patients with resectable non-small-cell lung cancer: final analysis of the randomized RATIONALE-315 trial,"Wang C, Wang W, Liu H, Chen Q, Chen C, Liu L, Zhang P, Zhao G, Yang F, Han G, Yu B, Yang Y, Chen H, Jiang J, Tan L, Xu S, Mao N, Hu J, Zhang L, Zhang Z, Yao B, Wang S, Leaw S, Naicker K, Zheng W, Yu C, Yue D; RATIONALE-315 investigators.",Ann Oncol. 2026 Apr;37(4):544-554. doi: 10.1016/j.annonc.2025.11.017. Epub 2025 Dec 2.,Wang C,Ann Oncol,2026,2025/12/4,,,10.1016/j.annonc.2025.11.017,https://pubmed.ncbi.nlm.nih.gov/41344593/,https://doi.org/10.1016/j.annonc.2025.11.017,,skipped,Missing PDF URL
41344066,Thoracic radiotherapy plus maintenance durvalumab after first line carboplatin and etoposide plus durvalumab in extensive-stage disease small cell lung cancer (ES-SCLC) - A multicenter single arm open label phase II trial (SAKK 15/19),"Addeo A, Dietrich D, Mach N, Mark MT, Joerger M, Froesch P, Imbimbo M, König D, Fernandez E, Patzen A, Vees H, Picardi C, Früh M.",Eur J Cancer. 2026 Jan;232:116138. doi: 10.1016/j.ejca.2025.116138. Epub 2025 Nov 29.,Addeo A,Eur J Cancer,2026,2025/12/4,,,10.1016/j.ejca.2025.116138,https://pubmed.ncbi.nlm.nih.gov/41344066/,https://linkinghub.elsevier.com/retrieve/pii/S0959-8049(25)01024-X,,skipped,Missing PDF URL
41338713,Less Versus More Intensive Surveillance of Pulmonary Nodules Detected Incidentally or by Screening: A Survey of Radiologist Beliefs About Guidelines Implemented in the Watch the Spot Trial,"Gould MK, Creekmur B, Qi L, de Bie E, Aberle DR, Dyer DS, Golden S, Kaplan CP, Mularski RA, Steiner JS, Steltz JP, Vachani A, Wiener RS, Kelly K, Smith-Bindman R, Miglioretti DL.",J Am Coll Radiol. 2025 Dec;22(12):1589-1597. doi: 10.1016/j.jacr.2025.09.022.,Gould MK,J Am Coll Radiol,2025,2025/12/3,,,10.1016/j.jacr.2025.09.022,https://pubmed.ncbi.nlm.nih.gov/41338713/,https://doi.org/10.1016/j.jacr.2025.09.022,,skipped,Missing PDF URL
41338712,Radiation Dose Associated With CT in the Watch the Spot Trial: A Pragmatic Trial of Less Versus More Intensive Strategies for Active Follow-Up of Patients With Small Pulmonary Nodules,"Smith-Bindman R, Miglioretti DL, Li Y, Qi L, de Bie E, Creekmur B, Ritzwoller DP, Sandler KL, Dyer DS, Kelly K, Gould MK.",J Am Coll Radiol. 2025 Dec;22(12):1578-1588. doi: 10.1016/j.jacr.2025.10.010.,Smith-Bindman R,J Am Coll Radiol,2025,2025/12/3,,,10.1016/j.jacr.2025.10.010,https://pubmed.ncbi.nlm.nih.gov/41338712/,https://linkinghub.elsevier.com/retrieve/pii/S1546-1440(25)00590-3,,skipped,Missing PDF URL
41330645,Effect of evidence-based nursing intervention under quantitative evaluation strategy on psychological resilience and illness perception in lung cancer patients undergoing chemotherapy,"Zhang L, Fang H, Su X, Zhang Y, Bo C, Liu J, He L, Zhang J, Yan Y, Xu Z, Wang F.",Appl Nurs Res. 2025 Dec;86:152013. doi: 10.1016/j.apnr.2025.152013. Epub 2025 Sep 8.,Zhang L,Appl Nurs Res,2025,2025/12/2,,,10.1016/j.apnr.2025.152013,https://pubmed.ncbi.nlm.nih.gov/41330645/,https://linkinghub.elsevier.com/retrieve/pii/S0897-1897(25)00115-6,,skipped,Missing PDF URL
41325755,"Glecirasib plus sitneprotafib in patients with KRAS(G12C)-mutated non-small-cell lung cancer in China: an open-label, multicentre, single-arm, phase 1/2a trial","Zhong J, Zhao J, Duan J, Fang J, Fei K, Li X, Chen J, Wang Z, Chu Q, Yu Y, Liu Z, Zhang L, Zhao Y, Li X, Wu L, Xing L, Zhuang W, Fang X, Chang J, Pan Y, Dong X, Liu L, Bai C, Pan P, Song Q, Jin B, Cao B, Ye F, Shi J, Tang K, Wang-Gillam A, Ding Y, Bi C, Shao Y, Pang J, Wan R, Sun B, Xu J, Wang J; JAB-21822-1006 Study Group.",Lancet Respir Med. 2026 Feb;14(2):163-173. doi: 10.1016/S2213-2600(25)00258-9. Epub 2025 Nov 29.,Zhong J,Lancet Respir Med,2026,2025/12/1,,,10.1016/S2213-2600(25)00258-9,https://pubmed.ncbi.nlm.nih.gov/41325755/,https://linkinghub.elsevier.com/retrieve/pii/S2213-2600(25)00258-9,,skipped,Missing PDF URL
41320620,The Effects of Nonintubated Anesthesia onNeutrophil-to-Lymphocyte Ratio and Tumor Markers Among Patients Undergoing Thoracoscopic Lung Resection: A Randomized Controlled Trial,"Liu ZL, Zhao ZZ, Xiao YQ, Zhang Y, Ge LL, Luo J, Zhou Y, Bao R, Deng XM, Wang JF.",J Cardiothorac Vasc Anesth. 2026 Apr;40(4):1205-1213. doi: 10.1053/j.jvca.2025.10.046. Epub 2025 Nov 1.,Liu ZL,J Cardiothorac Vasc Anesth,2026,2025/11/30,,,10.1053/j.jvca.2025.10.046,https://pubmed.ncbi.nlm.nih.gov/41320620/,https://www.sciencedirect.com/science/article/pii/S1053077025011127,,failed,row_timeout>150s
41308680,"Pembrolizumab plus lenvatinib as second-line treatment in patients with pleural mesothelioma (PEMMELA): cohort 2 of a single-arm, phase 2 study","Douma LH, van der Noort V, Lalezari F, de Vries JF, Monkhorst K, Smesseim I, Baas P, Schilder B, Vermeulen M, Burgers JA, de Gooijer CJ.",Lancet Oncol. 2025 Dec;26(12):1676-1684. doi: 10.1016/S1470-2045(25)00514-5.,Douma LH,Lancet Oncol,2025,2025/11/27,,,10.1016/S1470-2045(25)00514-5,https://pubmed.ncbi.nlm.nih.gov/41308680/,https://doi.org/10.1016/s1470-2045(25)00514-5,,skipped,Missing PDF URL
41308232,"Savolitinib Plus Osimertinib in Epidermal Growth Factor Receptor-Mutated, MET-Amplified Advanced Non-Small Cell Lung Cancer: A Randomized Phase II trial","Yang JC, Chen YM, Batra U, Do KH, Sitthideatphaiboon P, Danchaivijitr P, Lee KY, Chindaprasirt J, Yang CT, Chang GC, Charoentum C, Ungtrakul T, Moran JIH, Hartmaier R, Igwegbe I, Gont A, Haskins M, Xu W, Riess JW.",Clin Lung Cancer. 2026 Jan;27(1):38-46. doi: 10.1016/j.cllc.2025.10.018. Epub 2025 Oct 22.,Yang JC,Clin Lung Cancer,2026,2025/11/27,,,10.1016/j.cllc.2025.10.018,https://pubmed.ncbi.nlm.nih.gov/41308232/,https://doi.org/10.1016/j.cllc.2025.10.018,,skipped,Missing PDF URL
41289656,Effect of presentation formats for direct-to-consumer genetic testing results: A web-based experimental study in South Korea,"Kim S, Do YK.",Patient Educ Couns. 2026 Jan;142:109408. doi: 10.1016/j.pec.2025.109408. Epub 2025 Nov 6.,Kim S,Patient Educ Couns,2026,2025/11/25,,,10.1016/j.pec.2025.109408,https://pubmed.ncbi.nlm.nih.gov/41289656/,https://linkinghub.elsevier.com/retrieve/pii/S0738-3991(25)00775-X,,skipped,Missing PDF URL
41275977,Quality of Life of Stereotactic Versus Hypofractionated Radiation Therapy for Inoperable Stage I Non-Small Cell Lung Cancer: Results From the LUSTRE Trial,"Hou Q, Parpia S, Wierzbicki M, Kundapur V, Faria S, Okawara GS, Tsakiridis TK, Ahmed N, Bujold A, Hirmiz K, Owen T, Leong N, Ramchandar K, Filion E, Lau H, Gabos Z, Thompson R, Yaremko B, Mehiri S, Louie AV, Quan K, Levine MN, Wright JR, Whelan TJ, Swaminath A.",Int J Radiat Oncol Biol Phys. 2026 Apr 1;124(5):1382-1387. doi: 10.1016/j.ijrobp.2025.11.026. Epub 2025 Nov 21.,Hou Q,Int J Radiat Oncol Biol Phys,2026,2025/11/23,,,10.1016/j.ijrobp.2025.11.026,https://pubmed.ncbi.nlm.nih.gov/41275977/,https://linkinghub.elsevier.com/retrieve/pii/S0360-3016(25)06498-3,,skipped,Missing PDF URL
41232776,Prognostic scores for patients with multiple brain metastases treated with repeated stereotactic radiosurgery - a secondary analysis of the CYBER-SPACE randomized phase 2 trial,"Schiele A, Bernhardt D, Welzel T, Thalmann P, König L, Eichkorn T, Krämer A, Lang K, Lentz-Hommertgen A, Weykamp F, Bozorgmehr F, Thomas M, Sander A, Rieken S, Debus J, El Shafie RA.",Radiother Oncol. 2026 Jan;214:111279. doi: 10.1016/j.radonc.2025.111279. Epub 2025 Nov 11.,Schiele A,Radiother Oncol,2026,2025/11/13,,,10.1016/j.radonc.2025.111279,https://pubmed.ncbi.nlm.nih.gov/41232776/,https://linkinghub.elsevier.com/retrieve/pii/S0167-8140(25)05283-1,,skipped,Missing PDF URL
41232542,Effectiveness of NELSON versus PLCOm2012 lung cancer screening eligibility criteria in Germany (HANSE): a prospective cohort study,"Vogel-Claussen J, Bollmann BA, May K, Stiebeler S, Dettmer S, Faron A, Kuhlmann A, Schmid-Bindert G, Kaaks R, Barkhausen J, Bohnet S, Reck M; HANSE investigators.",Lancet Oncol. 2025 Dec;26(12):1541-1551. doi: 10.1016/S1470-2045(25)00490-5. Epub 2025 Nov 10.,Vogel-Claussen J,Lancet Oncol,2025,2025/11/13,,,10.1016/S1470-2045(25)00490-5,https://pubmed.ncbi.nlm.nih.gov/41232542/,https://doi.org/10.1016/s1470-2045(25)00490-5,,skipped,Missing PDF URL
41232230,Investigation of the effect of active cycle of breathing techniques on respiratory distress symptom cluster in patients with lung cancer: A randomised controlled trial,"Ulcay D, Eroglu SA.",Eur J Oncol Nurs. 2025 Dec;79:103029. doi: 10.1016/j.ejon.2025.103029. Epub 2025 Oct 31.,Ulcay D,Eur J Oncol Nurs,2025,2025/11/13,,,10.1016/j.ejon.2025.103029,https://pubmed.ncbi.nlm.nih.gov/41232230/,https://linkinghub.elsevier.com/retrieve/pii/S1462-3889(25)00253-4,,skipped,Missing PDF URL
41203001,Clinical Characteristics and Surgical Outcomes of Patients Receiving Perioperative Pembrolizumab in KEYNOTE-671,"Liberman M, Jones DR, Wakelee H, Gao S, Halmos B, Nadal E, Łowczak A, Reck M, Novello S, Matias D, Luft A, Hui R, Lee SH, Tsuboi M, Kato T, Zhu Y, Weksler B, Jensen E, Samkari A, Keller SM, Spicer JD.",Ann Thorac Surg. 2026 Feb;121(2):281-289. doi: 10.1016/j.athoracsur.2025.10.016. Epub 2025 Nov 5.,Liberman M,Ann Thorac Surg,2026,2025/11/7,,,10.1016/j.athoracsur.2025.10.016,https://pubmed.ncbi.nlm.nih.gov/41203001/,https://linkinghub.elsevier.com/retrieve/pii/S0003-4975(25)01071-9,,skipped,Missing PDF URL
41202374,"Shengbai oral solution for chemotherapy-induced neutropenia and symptom management in non-small cell lung cancer: A multicenter, randomized, open-label trial","Jin J, Ren S, Shi Q, Jiang H, Rong F, Cen W, Xiang B, Yu Y, Yang J, Yu H, Lin H, Liu J.",Phytomedicine. 2025 Nov 25;148:157502. doi: 10.1016/j.phymed.2025.157502. Epub 2025 Oct 30.,Jin J,Phytomedicine,2025,2025/11/7,,,10.1016/j.phymed.2025.157502,https://pubmed.ncbi.nlm.nih.gov/41202374/,https://linkinghub.elsevier.com/retrieve/pii/S0944-7113(25)01139-0,,skipped,Missing PDF URL
41198395,Shear-wave elastography-guided transthoracic biopsy for lung lesions: a randomised controlled trial,"Kuo YW, Chen YL, Chen YH, Chang YL, Jan IS, Wu CT, Hsieh MS, Huang CK, Wu HD, Fang CT, Wang HC.",Eur Respir J. 2026 Mar 12;67(3):2402370. doi: 10.1183/13993003.02370-2024. Print 2026 Mar.,Kuo YW,Eur Respir J,2026,2025/11/6,,,10.1183/13993003.02370-2024,https://pubmed.ncbi.nlm.nih.gov/41198395/,https://www.nih.gov/,,failed,row_timeout>150s
41196054,"Enozertinib Is a Selective, Brain-Penetrant EGFR Inhibitor for Treating Non-Small Cell Lung Cancers with EGFR Exon 20 and Atypical Mutations","Junttila MR, Repellin CE, Salaniwal S, Warne R, Lee Y, Kim H, Seo KA, Lee Y, Jung HR, Baik J, Chang JH, Andreatta G, Long JE, Sun JD, Ni SW, Soroceanu L, Sambucetti LC, Das A, Chan B, Narayanan P, Pereira AS, Chow Maneval E, Multani PS, Patel R, Panuwat M, Blank BR, Ndubaku C, Romero FA, Daemen A, Spira AI, Friedman LS.",Cancer Res. 2026 Feb 2;86(3):759-772. doi: 10.1158/0008-5472.CAN-25-3502.,Junttila MR,Cancer Res,2026,2025/11/6,,,10.1158/0008-5472.CAN-25-3502,https://pubmed.ncbi.nlm.nih.gov/41196054/,https://aacrjournals.org/cancerres/article/86/3/759/771917/Enozertinib-Is-a-Selective-Brain-Penetrant-EGFR?guestAccessKey=,,failed,row_timeout>150s
41195833,Tislelizumab plus sitravatinib or anlotinib as maintenance therapy in extensive-stage small-cell lung cancer: Results of two prospective phase II studies,"Yu S, Li H, Lu H, Huang Z, Chen K, Xu Y, Gong L, Xie F, Qin J, Yu X, Zhao J, Lou G, Wang W, Gu C, Han N, Xu X, Shao L, Fan Y.",Int J Cancer. 2026 Apr 1;158(7):1916-1926. doi: 10.1002/ijc.70224. Epub 2025 Nov 6.,Yu S,Int J Cancer,2026,2025/11/6,,,10.1002/ijc.70224,https://pubmed.ncbi.nlm.nih.gov/41195833/,https://onlinelibrary.wiley.com/doi/full/10.1002/ijc.70224,https://onlinelibrary.wiley.com/doi/pdfdirect/10.1002/ijc.70224?hmac=1776406904-TkelrAXlO5vNV7d%2BFyvaZf82bQYnSwOCOV%2BA6fXJqtg%3D,failed,
41192233,EORTC 1417 - REACTION: A phase II study of etoposide and cis/carboplatin with or without pembrolizumab in untreated extensive small cell lung cancer,"Menis J, Greiller L, Demontrond P, Monnet I, Novello S, Livi L, Young R, Decroisette C, Cloarec N, Robinet G, Schott R, Fayette J, Banna GL, De Marinis F, Califano R, Duchemann B, Luciani A, Colantonio I, Fournier B, Pretzenbacher Y, Caramella C, Silva M, Berghmans T, Dingemans AM, Bironzo P, Tugwood J, Zhou C, Hill S, Bradbury K, Morris K, Kilgour E, Dive C, Blackhall F, Besse B.",Eur J Cancer. 2025 Dec 9;231:116059. doi: 10.1016/j.ejca.2025.116059. Epub 2025 Oct 30.,Menis J,Eur J Cancer,2025,2025/11/5,,,10.1016/j.ejca.2025.116059,https://pubmed.ncbi.nlm.nih.gov/41192233/,https://linkinghub.elsevier.com/retrieve/pii/S0959-8049(25)00945-1,,skipped,Missing PDF URL
41187466,The influence of body mass index on Tumor Treating Fields therapy in patients with metastatic non-small cell lung cancer: A post-hoc and simulation analysis from the phase III LUNAR study,"Rolfo C, Gerber DE, Kotecha R, Ward JP, Akerley W, Weiss L, Naveh A, Shapira N, Leal T, Langer CJ; LUNAR study investigators.",Lung Cancer. 2025 Dec;210:108802. doi: 10.1016/j.lungcan.2025.108802. Epub 2025 Oct 21.,Rolfo C,Lung Cancer,2025,2025/11/4,,,10.1016/j.lungcan.2025.108802,https://pubmed.ncbi.nlm.nih.gov/41187466/,https://linkinghub.elsevier.com/retrieve/pii/S0169-5002(25)00694-4,,skipped,Missing PDF URL
41167214,"Patritumab deruxtecan (HER3-DXd) in patients with active brain metastases of non-small-cell lung cancer (TUXEDO-3): a multicentre, single-arm, phase 2 trial","Fuereder T, Garde-Noguera J, García-Mosquera JJ, Ruiz-Borrego M, Valero M, Llombart-Cussac A, Gion M, Greil R, Arumi M, Campolier M, Guerrero JA, Raimondi G, Mancino M, Jiménez-Cortegana C, Vaz-Batista M, Oberndorfer F, Marhold M, Berghoff AS, Furtner J, Bartsch R, Preusser M.",Lancet Oncol. 2025 Nov;26(11):1454-1466. doi: 10.1016/S1470-2045(25)00465-6.,Fuereder T,Lancet Oncol,2025,2025/10/30,,,10.1016/S1470-2045(25)00465-6,https://pubmed.ncbi.nlm.nih.gov/41167214/,https://linkinghub.elsevier.com/retrieve/pii/S1470-2045(25)00465-6,,skipped,Missing PDF URL
41139066,Phase 2 Study of Amivantamab Plus Lazertinib in Previously Treated Patients With EGFR-Mutant Lung Cancers With Brain and Leptomeningeal Metastases,"Chen MF, Lee JJ, Choudhury NJ, Hui AB, Jeng MY, Zheng J, Aly RG, Sielski N, Ahn L, Pupo A, Nesselbush MC, Jabara I, Wilcox JA, Santomasso BD, Lin AL, Schaff L, Chaft JE, Riely GJ, Kris MG, Arfe A, Yang SR, Young RJ, Diehn M, Boire A, Yu HA.",J Thorac Oncol. 2026 Mar;21(3):103505. doi: 10.1016/j.jtho.2025.10.012. Epub 2025 Oct 23.,Chen MF,J Thorac Oncol,2026,2025/10/25,,,10.1016/j.jtho.2025.10.012,https://pubmed.ncbi.nlm.nih.gov/41139066/,https://doi.org/10.1016/j.jtho.2025.10.012,,skipped,Missing PDF URL
41137371,Nurturing Patient Trust: A Qualitative Study of the Interaction Between Vulnerable Lung Cancer Patients and Nurse Navigators in the Intervention Study NAVIGATE,"Torenholt R, Langballe R, Tjørnhøj-Thomsen T, Dalton SO, Bidstrup PE.",Psychooncology. 2025 Oct;34(10):e70299. doi: 10.1002/pon.70299.,Torenholt R,Psychooncology,2025,2025/10/25,,,10.1002/pon.70299,https://pubmed.ncbi.nlm.nih.gov/41137371/,https://onlinelibrary.wiley.com/doi/10.1002/pon.70299,https://onlinelibrary.wiley.com/doi/pdfdirect/10.1002/pon.70299?hmac=1776406936-igd2ekpymrwVwKPwuRj%2B%2B5h62oNvI4o1yuB8sC2sTBk%3D,failed,
41135519,TROP-2-targeted antibody-drug conjugate SHR-A1921 for advanced or metastatic solid tumors: A first-in-human phase 1 study,"Zhong J, Wu L, Song Z, Xing N, Cui J, Li X, Fei K, Tang D, Dang Q, Chen L, Liu T, Liu C, Li Y, Zhang S, Han X, Xiao J, Guo F, Yan M, Xu H, Yuan C, Zhong J, Liu R, Qu X, Wu S, Jiang S, Yang Y, Zhang P, Guo H, Wang C, Xie Q, Lin Z, Wang S, Wang J.",Cancer Cell. 2025 Dec 8;43(12):2268-2281.e3. doi: 10.1016/j.ccell.2025.09.012. Epub 2025 Oct 23.,Zhong J,Cancer Cell,2025,2025/10/24,,,10.1016/j.ccell.2025.09.012,https://pubmed.ncbi.nlm.nih.gov/41135519/,https://linkinghub.elsevier.com/retrieve/pii/S1535-6108(25)00404-0,,skipped,Missing PDF URL
41125109,"Ivonescimab plus chemotherapy versus tislelizumab plus chemotherapy as first-line treatment for advanced squamous non-small-cell lung cancer (HARMONi-6): a randomised, double-blind, phase 3 trial","Chen Z, Yang F, Jiang Z, Sun L, Wu L, Han Z, Fan Y, Zhao Y, Li X, Xu H, Meng X, Liu Y, Zhang Z, Luo H, Ma X, Ma X, Shi Q, Zhang Z, Yang R, Wang P, Pan P, Ai X, Li J, Pu X, Wang Z, Fang J, He M, He Y, Guo S, Li J, Wang H, Zhang J, Chu Q, Liu X, Ying S, Wu H, Sun H, Ji Y, Zhou M, Cao C, Tang K, Li Z, Li D, Zhang Z, Li J, Zhou J, Yang H, Du Y, Yang H, Shi J, Chen H, Li W, Lu D, Hu M, Maxwell Wang Z, Li B, Xia M, Lu S.",Lancet. 2025 Nov 1;406(10515):2078-2088. doi: 10.1016/S0140-6736(25)01848-3. Epub 2025 Oct 19.,Chen Z,Lancet,2025,2025/10/22,,,10.1016/S0140-6736(25)01848-3,https://pubmed.ncbi.nlm.nih.gov/41125109/,https://doi.org/10.1016/s0140-6736(25)01848-3,,skipped,Missing PDF URL
41124837,Safety and efficacy of YK-029A in previously treated EGFR T790M-Mutant NSCLC: A multi-center phase I trial,"Wu X, Wan R, Wu L, Zhao M, Zhao Y, Dai X, Zhao J, Liu Z, Xie Y, Pan Y, Zhang Z, Yao Y, Yang K, Chen B, Wang J, Duan J.",Lung Cancer. 2025 Nov;209:108764. doi: 10.1016/j.lungcan.2025.108764. Epub 2025 Sep 23.,Wu X,Lung Cancer,2025,2025/10/22,,,10.1016/j.lungcan.2025.108764,https://pubmed.ncbi.nlm.nih.gov/41124837/,https://linkinghub.elsevier.com/retrieve/pii/S0169-5002(25)00656-7,,skipped,Missing PDF URL
41124220,"Sacituzumab Tirumotecan in EGFR-TKI-Resistant, EGFR-Mutated Advanced NSCLC","Fang W, Wu L, Meng X, Yao Y, Zuo W, Yao W, Xie Y, Zhang Y, Cui J, Zhang Y, Li X, Zhuang W, Fang J, Wang Q, Jiang W, Li K, Bai Y, Luo Y, Ma F, Yu Y, Zheng W, Liu Z, Yang B, Ma R, Fang Y, Yang R, Jiang L, Hu J, Yang J, Diao Y, Jin X, Ge J, Yang Y, Zhang L.",N Engl J Med. 2026 Jan 1;394(1):13-26. doi: 10.1056/NEJMoa2512071. Epub 2025 Oct 19.,Fang W,N Engl J Med,2026,2025/10/22,,,10.1056/NEJMoa2512071,https://pubmed.ncbi.nlm.nih.gov/41124220/,https://www.nejm.org/doi/full/10.1056/NEJMOA2512071,,failed,row_timeout>150s
41110693,Alectinib versus crizotinib in previously untreated ALK-positive advanced non-small cell lung cancer: final overall survival analysis of the phase III ALEX study,"Peters S, Camidge R, Dziadziuszko R, Gadgeel S, Shaw AT, Kim DW, Pérol M, Rosell DR, Cheema P, Wan-Teck Lim D, Lin JJ, Pavlakis N, Ahn JS, Zhang L, Henschel V, Higgerson AA, McNally V, Rooney I, Scalori A, Smoljanovic V, Mok T.",Ann Oncol. 2026 Jan;37(1):92-103. doi: 10.1016/j.annonc.2025.09.018. Epub 2025 Oct 17.,Peters S,Ann Oncol,2026,2025/10/19,,,10.1016/j.annonc.2025.09.018,https://pubmed.ncbi.nlm.nih.gov/41110693/,https://doi.org/10.1016/j.annonc.2025.09.018,,skipped,Missing PDF URL
41110382,Efficacy and safety of brigatinib after alectinib in patients with ALK-positive NSCLC: Integrated analysis of the ALTA-2 and J-ALTA studies,"Mok T, Nishio M, Yoshida T, Ahn MJ, Kudou K, Asato T, Yang H, Tong X, Vincent S, Zhang P, Yamamoto N, Kim ES.",Lung Cancer. 2025 Nov;209:108793. doi: 10.1016/j.lungcan.2025.108793. Epub 2025 Oct 9.,Mok T,Lung Cancer,2025,2025/10/19,,,10.1016/j.lungcan.2025.108793,https://pubmed.ncbi.nlm.nih.gov/41110382/,https://linkinghub.elsevier.com/retrieve/pii/S0169-5002(25)00685-3,,skipped,Missing PDF URL
41104938,Survival with Osimertinib plus Chemotherapy in EGFR-Mutated Advanced NSCLC,"Jänne PA, Planchard D, Kobayashi K, Yang JC, Liu Y, Valdiviezo N, Kim TM, Jiang L, Kagamu H, Yanagitani N, Wang J, Biswas B, Poltoratskiy A, Neron Y, Rojas C, Koubkova L, Escriu C, Ezeife DA, Mann H, Armenteros-Monterroso E, Rukazenkov Y, Lee CK; FLAURA2 Investigators.",N Engl J Med. 2026 Jan 1;394(1):27-38. doi: 10.1056/NEJMoa2510308. Epub 2025 Oct 17.,Jänne PA,N Engl J Med,2026,2025/10/17,,,10.1056/NEJMoa2510308,https://pubmed.ncbi.nlm.nih.gov/41104938/,https://www.nejm.org/doi/full/10.1056/NEJMOA2510308,,failed,row_timeout>150s
41101556,"Simultaneous Integrated Dose Reduction Radiation Therapy Versus Conventional Fractionated Radiation Therapy With Chemotherapy for Limited-Stage Small Cell Lung Cancer in the Modern Treatment Era: A Phase 3, Randomized Clinical Trial (SDR-RT trial)","Zhan TY, Zhang T, Wang WQ, Deng L, Zhai YR, Yan WB, Wang X, Wang JY, Liu WY, Li MH, Feng QF, Lv JM, Xiao ZF, Chen DF, Li JL, Wang LH, Liang J, Ge H, Dai JR, Men K, Yi JL, Hu C, Bi N, Li YX, Zhou ZM.",Int J Radiat Oncol Biol Phys. 2026 Mar 1;124(3):692-701. doi: 10.1016/j.ijrobp.2025.09.058. Epub 2025 Oct 14.,Zhan TY,Int J Radiat Oncol Biol Phys,2026,2025/10/16,,,10.1016/j.ijrobp.2025.09.058,https://pubmed.ncbi.nlm.nih.gov/41101556/,https://doi.org/10.1016/j.ijrobp.2025.09.058,,skipped,Missing PDF URL
41082893,"Radiotherapy-free pembrolizumab combined with chemotherapy for locally advanced non-small-cell lung cancer with PD-L1 tumour proportion score of 50% or higher (Evolution trial): a multicentre, single-arm, phase 2 study","Hata A, Ninomaru T, Okada H, Kogure Y, Oki M, Katakami N, Kijima T, Yokoyama T, Matsumoto H, Sato Y, Kato T, Sugawara S, Sawada T, Yoshimura K, Seto T, Nakagawa K, Okamoto I, Yamamoto N; West Japan Oncology Group.",Lancet Oncol. 2025 Nov;26(11):1432-1442. doi: 10.1016/S1470-2045(25)00462-0. Epub 2025 Oct 11.,Hata A,Lancet Oncol,2025,2025/10/13,,,10.1016/S1470-2045(25)00462-0,https://pubmed.ncbi.nlm.nih.gov/41082893/,https://doi.org/10.1016/s1470-2045(25)00462-0,,skipped,Missing PDF URL
41052050,Efficacy of Modified Peanut Skin Decoction for Lung Cancer Myelosuppression,"Hu JR, Ji Q, He WW, Han YF, Zhang YT, Li ZL.",J Vis Exp. 2025 Sep 16;(223). doi: 10.3791/68880.,Hu JR,J Vis Exp,2025,2025/10/6,,,10.3791/68880,https://pubmed.ncbi.nlm.nih.gov/41052050/,https://www.nih.gov/,,failed,"https://app.jove.com/pdf/68880/efficacy-modified-peanut-skin-decoction-for-lung-cancer -> not_pdf:text/html; charset=utf-8:<!DOCTYPE html><html class=""__variable_13b720 __variable_44151c"" lang=""en""><head | 200:text/html; charset=utf-8:<!DOCTYPE html><html class=""__variable_13b720 __variable_44151c"" lang=""en""><head | chrome:no_pdf_control | chrome:https://pubmed.ncbi.nlm.nih.gov/41052050/ -> block_page | chrome:https://account.ncbi.nlm.nih.gov/?back_url=https%3A%2F%2Fpubmed.ncbi.nlm.nih.gov%2F41052050%2F%23open-collections-panel -> block_page"
41033612,Tumor Treating Fields Therapy After Stereotactic Radiosurgery for Brain Metastases From Non-Small Cell Lung Cancer: Final Results of the Phase 3 METIS Study,"Mehta MP, Gondi V, Ahluwalia MS, Roberge D, Sio TTW, Trifiletti DM, Muanza T, Krpan AM, Zhu Z, Ramakrishna NR, Fiveash JB, Metellus P, Yu J, Wang CJ, Jacob J, Freyschlag CF, Csőszi T, Salmaggi A, Taliansky A, Lucas A, Debus J, Brown PD, Harat M.",Int J Radiat Oncol Biol Phys. 2026 Feb 1;124(2):278-293. doi: 10.1016/j.ijrobp.2025.08.066. Epub 2025 Sep 29.,Mehta MP,Int J Radiat Oncol Biol Phys,2026,2025/10/1,,,10.1016/j.ijrobp.2025.08.066,https://pubmed.ncbi.nlm.nih.gov/41033612/,https://doi.org/10.1016/j.ijrobp.2025.08.066,,skipped,Missing PDF URL
41033335,"Durvalumab, carboplatin, and etoposide in patients who are treatment-naive with extensive-stage small-cell lung cancer and poor performance status (NEJ045A): a single-arm phase 2 trial","Asao T, Saida Y, Watanabe S, Kisohara A, Kishi K, Morita R, Nakagawa T, Tsukita Y, Furuya N, Miyawaki T, Ishikawa N, Yamada T, Tanaka T, Morita S, Kikuchi T, Maemondo M, Kobayashi K; North East Japan Study Group.",Lancet Respir Med. 2025 Dec;13(12):1057-1066. doi: 10.1016/S2213-2600(25)00240-1. Epub 2025 Sep 28.,Asao T,Lancet Respir Med,2025,2025/10/1,,,10.1016/S2213-2600(25)00240-1,https://pubmed.ncbi.nlm.nih.gov/41033335/,https://linkinghub.elsevier.com/retrieve/pii/S2213-2600(25)00240-1,https://www.thelancet.com/cms/10.1016/S2213-2600(25)00240-1/attachment/579378ed-e8fd-4757-a689-e21ae8381c62/mmc1.pdf,failed,"Puppeteer: Execution context was destroyed, most likely because of a navigation. | Axios: HTTP 403"
41033130,Durvalumab plus platinum-etoposide in the first-line treatment of extensive-stage small cell lung cancer (CANTABRICO): A single-arm clinical trial,"Isla D, Zugazagoitia J, Arriola E, García-Campelo R, Martí Blanco C, Diz-Taín MP, López-Brea M, Moreno-Vega AL, León-Mateos L, Oramás J, Gutiérrez-Calderón V, Majem M, Sánchez-Hernández A, Aguado C, Alvarez-Cabellos R, Massutí B, Moreno A, Fírvida-Pérez JL, Valdivia J, González-Cordero M, Zafra-Poves M, Dómine M, Garcia-Navalon FJ, Villanueva N, Provencio M, Juan-Vidal O, Rivas-Corredor C, Olmedo García ME, Palmero R, López-Castro R, Carcereny E, Lechuga JL, Domínguez M, Callejo Á, Paz-Ares L.",Lung Cancer. 2025 Nov;209:108763. doi: 10.1016/j.lungcan.2025.108763. Epub 2025 Sep 24.,Isla D,Lung Cancer,2025,2025/10/1,,,10.1016/j.lungcan.2025.108763,https://pubmed.ncbi.nlm.nih.gov/41033130/,https://doi.org/10.1016/j.lungcan.2025.108763,,skipped,Missing PDF URL
41027802,Apalutamide in Patients with High Burden of Metastatic Hormone-sensitive Prostate Cancer: A Subgroup Analysis of TITAN,"Rodriguez-Vida A, Borque A, Lopez-Campos F, Soto AJ, Garcillan B, Vidal C, Lencart J, Bhaumik A, Mundle SD, Sanden SV, Chi KN, Bjartell A, Agarwal N, Merseburger AS.",Eur Urol Oncol. 2025 Oct;8(5):1311-1320. doi: 10.1016/j.euo.2025.07.002. Epub 2025 Sep 29.,Rodriguez-Vida A,Eur Urol Oncol,2025,2025/9/30,,,10.1016/j.euo.2025.07.002,https://pubmed.ncbi.nlm.nih.gov/41027802/,https://linkinghub.elsevier.com/retrieve/pii/S2588-9311(25)00194-4,https://www.sciencedirect.com/science/article/pii/S2588931125001944/pdfft?md5=5bdd225953b11c0fdf2f47329c4f2f41&pid=1-s2.0-S2588931125001944-main.pdf,failed,"Puppeteer: Execution context was destroyed, most likely because of a navigation. | Axios: HTTP 403"
41015335,Derivation of Meaningful Change Thresholds for European Organization for Research and Treatment of Cancer QLQ-C30 and QLQ-LC13 in Patients With Small-Cell Lung Cancer,"Dirnberger F, Wang J, King-Kallimanis B, Cocks K, Skingley G, Clarke N, Huang S, Mukherjee S, Koller M.",Value Health. 2026 Feb;29(2):223-232. doi: 10.1016/j.jval.2025.09.011. Epub 2025 Sep 25.,Dirnberger F,Value Health,2026,2025/9/27,,,10.1016/j.jval.2025.09.011,https://pubmed.ncbi.nlm.nih.gov/41015335/,https://doi.org/10.1016/j.jval.2025.09.011,,skipped,Missing PDF URL
41006036,Prognostic Impact of PD-1 Polymorphisms in Non-small Cell Lung Cancer Receiving Dendritic Cell Vaccination,"Ogasawara M, Miyashita M, Yamagishi Y, Ota S.",Anticancer Res. 2025 Oct;45(10):4295-4304. doi: 10.21873/anticanres.17780.,Ogasawara M,Anticancer Res,2025,2025/9/26,,,10.21873/anticanres.17780,https://pubmed.ncbi.nlm.nih.gov/41006036/,https://www.nih.gov/,,failed,https://syndication.highwire.org/content/doi/10.21873/anticanres.17780 -> HTTP 403 | chrome:https://doi.org/10.21873/anticanres.17780 -> block_page | chrome:no_pdf_control | chrome:https://ar.iiarjournals.org/lookup/pmidlookup?view=long&pmid=41006036 -> block_page | chrome:http://ar.iiarjournals.org/lookup/pmidlookup?view=long&pmid=41006036 -> block_page | chrome:row_timeout>150s
40992670,Five-Year Survival and Safety of SABR in Patients with Unresectable Locally Advanced Non-Small Cell Lung Cancer unfit for Concurrent Radio-chemotherapy: Focus on Patterns of Local Recurrence from the START-NEW-ERA Non-randomized Phase 2 Trial,"Arcidiacono F, Anselmo P, Casale M, Zannori C, Loreti F, Enrico B, Tassi V, Marzo AD, Italiani M, Viani GA, Maranzano E, Trippa F.",Int J Radiat Oncol Biol Phys. 2026 Apr 1;124(5):1318-1328. doi: 10.1016/j.ijrobp.2025.08.060. Epub 2025 Sep 22.,Arcidiacono F,Int J Radiat Oncol Biol Phys,2026,2025/9/24,,,10.1016/j.ijrobp.2025.08.060,https://pubmed.ncbi.nlm.nih.gov/40992670/,https://doi.org/10.1016/j.ijrobp.2025.08.060,,skipped,Missing PDF URL
40983066,"Retifanlimab versus placebo in combination with platinum-based chemotherapy in patients with first-line non-squamous or squamous metastatic non-small-cell lung cancer (POD1UM-304): a phase 3, multiregional, placebo-controlled, double-blind, randomised study","Lu S, Vynnychenko O, Kulyaba Y, Kuchava V, Ibrahim A, Moiseenko F, Arslan C, Nguyen DT, Petrovic M, Cicin I, Bibichadze K, Cil T, Shi J, Olmez OF, Gogishvili M, Artac M, Nguyen HG, Cornfeld M, Tian C, Munteanu MC, Sette CVM, Bondarenko I; POD1UM-304 Study Team.",Lancet Respir Med. 2025 Dec;13(12):1096-1107. doi: 10.1016/S2213-2600(25)00209-7. Epub 2025 Sep 19.,Lu S,Lancet Respir Med,2025,2025/9/22,,,10.1016/S2213-2600(25)00209-7,https://pubmed.ncbi.nlm.nih.gov/40983066/,https://linkinghub.elsevier.com/retrieve/pii/S2213-2600(25)00209-7,https://www.thelancet.com/cms/10.1016/S2213-2600(25)00209-7/attachment/5d5b7f5b-7ddf-4cc7-9c14-6cb5aa415376/mmc1.pdf,failed,Puppeteer: Referer flow found no real PDF: https://linkinghub.elsevier.com/retrieve/pii/S2213-2600(25)00209-7 | Direct PDF flow found no real PDF: https://www.thelancet.com/cms/10.1016/S2213-2600(25)00209-7/attachment/5d5b7f5b-7ddf-4cc7-9c14-6cb5aa415376/mmc1.pdf | Axios: HTTP 403
40974872,Biological impact of chemotherapy during treatment with EGFR tyrosine kinase inhibitors for non-small cell lung cancer positive for EGFR activating mutations,"Iwama E, Sakai K, Harada T, Kanda S, Sugawara S, Yokoyama T, Taniguchi H, Tanaka K, Toyozawa R, Koyama K, Zenke Y, Kida G, Nishioka Y, Yokouchi H, Hirose M, Nishio K, Yamamoto N, Ohe Y, Okamoto I.",Lung Cancer. 2025 Oct;208:108756. doi: 10.1016/j.lungcan.2025.108756. Epub 2025 Sep 16.,Iwama E,Lung Cancer,2025,2025/9/20,,,10.1016/j.lungcan.2025.108756,https://pubmed.ncbi.nlm.nih.gov/40974872/,https://doi.org/10.1016/j.lungcan.2025.108756,,skipped,Missing PDF URL
40973606,A Phase 2 Study of Osimertinib in Combination With Platinum-Pemetrexed in Patients With Uncommon Epidermal Growth Factor Receptor-Mutated Advanced Non-Small Cell Lung Cancer (NEJ067/OPAL2),"Morinaga D, Furuta M, Morita S, Miyauchi E, Kobayashi K, Maemondo M, Asahina H; North East Japan Study Group.",Clin Lung Cancer. 2025 Dec;26(8):611-616. doi: 10.1016/j.cllc.2025.08.012. Epub 2025 Aug 26.,Morinaga D,Clin Lung Cancer,2025,2025/9/19,,,10.1016/j.cllc.2025.08.012,https://pubmed.ncbi.nlm.nih.gov/40973606/,https://linkinghub.elsevier.com/retrieve/pii/S1525-7304(25)00219-0,,skipped,Missing PDF URL
40962073,Treatment-agnostic joint modeling of longitudinal circulating tumor dna predicts survival across first-line regimens in metastatic non-squamous NSCLC,"Yuan M, Lin X, Ding H, Qu S, Yang Y, Steven Xu X.",Eur J Pharm Sci. 2025 Nov 1;214:107275. doi: 10.1016/j.ejps.2025.107275. Epub 2025 Sep 15.,Yuan M,Eur J Pharm Sci,2025,2025/9/17,,,10.1016/j.ejps.2025.107275,https://pubmed.ncbi.nlm.nih.gov/40962073/,https://doi.org/10.1016/j.ejps.2025.107275,https://www.sciencedirect.com/science/article/pii/S0928098725002738/pdfft?md5=7817a71a89d3725c77df5591e2560ff6&pid=1-s2.0-S0928098725002738-main.pdf,failed,"Puppeteer: Execution context was destroyed, most likely because of a navigation. | Axios: HTTP 403"
40961811,"Atezolizumab with carboplatin plus nab-paclitaxel combination therapy for TTF-1 negative advanced nonsquamous non-small cell lung cancer: A multicenter, single-arm phase 2 trial (F1NE TUNE, LOGiK 2102)","Shiraishi Y, Shimose T, Tachihara M, Tsuchiya-Kawano Y, Morinaga R, Inoue H, Toi Y, Yamada T, Yamaguchi M, Kashiwabara K, Tobino K, Ishii H, Sakata Y, Inaba M, Nakashima K, Chibana K, Fukui T, Izumi M, Saito R, Ishii H, Omori S, Ogusu S, Furuyama K, Miura S, Harada T, Okamoto I.",Eur J Cancer. 2025 Oct 16;229:115779. doi: 10.1016/j.ejca.2025.115779. Epub 2025 Sep 12.,Shiraishi Y,Eur J Cancer,2025,2025/9/17,,,10.1016/j.ejca.2025.115779,https://pubmed.ncbi.nlm.nih.gov/40961811/,https://linkinghub.elsevier.com/retrieve/pii/S0959-8049(25)00565-9,,skipped,Missing PDF URL
40957773,Pharmacokinetics and bioavailability of pembrolizumab with berahyaluronidase alfa for subcutaneous administration in participants with advanced or metastatic solid tumors: The phase 1 study 3475A-C18,"Cohen GL, Coetzee C, Walton CA, Reig Torras Ò, Chul Cho B, McAdam G, Rojas CI, Medina Rodríguez L, Papai Z, Chan SW, Rapoport BL, Caglevic C, Yañez Weber P, Takahashi T, Kurata T, Song G, Cohen JW, Akala OO, Khanyile R.",Eur J Cancer. 2025 Nov 17;230:115709. doi: 10.1016/j.ejca.2025.115709. Epub 2025 Aug 9.,Cohen GL,Eur J Cancer,2025,2025/9/16,,,10.1016/j.ejca.2025.115709,https://pubmed.ncbi.nlm.nih.gov/40957773/,https://linkinghub.elsevier.com/retrieve/pii/S0959-8049(25)00491-5,,skipped,Missing PDF URL
40957291,"A phase II study of afatinib in combination with pemetrexed and carboplatin in patients with EGFR mutation-positive non-squamous, advanced non-small cell lung cancer (NSCLC) refractory to first-line osimertinib treatment: NEJ025B study","Nagashima H, Fukuhara T, Utsumi Y, Suzuki A, Miyanaga A, Seike M, Azuma K, Asahina H, Kisohara A, Kawashima Y, Tanaka H, Kanemaru R, Miyauchi E, Furuya N, Sato H, Nakashima K, Watanabe S, Sakai K, Nishio K, Takahashi F, Kobayashi K, Maemondo M.",Eur J Cancer. 2025 Oct 16;229:115693. doi: 10.1016/j.ejca.2025.115693. Epub 2025 Aug 20.,Nagashima H,Eur J Cancer,2025,2025/9/16,,,10.1016/j.ejca.2025.115693,https://pubmed.ncbi.nlm.nih.gov/40957291/,https://doi.org/10.1016/j.ejca.2025.115693,,skipped,Missing PDF URL
40947345,DISCERN: A Randomized Pilot Study Comparing Dual Versus Single Immune Checkpoint Blockade Plus Chemotherapy in PD-L1 Negative Advanced Non-Small Cell Lung Cancer,"Desai A, McNeeley E, Alhushki S, Haught M, Masjoan Juncos JX, Patel D, Brand J, McManus L, Bae S, Khalil M, Boumber Y.",Clin Lung Cancer. 2025 Dec;26(8):e743-e744. doi: 10.1016/j.cllc.2025.08.013. Epub 2025 Aug 26.,Desai A,Clin Lung Cancer,2025,2025/9/14,,,10.1016/j.cllc.2025.08.013,https://pubmed.ncbi.nlm.nih.gov/40947345/,https://doi.org/10.1016/j.cllc.2025.08.013,https://www.clinical-lung-cancer.com/pb/assets/raw/Health%20Advance/journals/clbc/QualifiedRecipients2015-1434482397737.pdf,failed,"Puppeteer: Execution context was destroyed, most likely because of a navigation. | Axios: HTTP 403"
40939893,Efficacy of Liuzijue Qigong combined with conventional respiratory rehabilitation after thoracoscopic pulmonary nodule resection: A randomized clinical trial,"Xie RQ, Zhang X.",Respir Med. 2025 Nov;248:108349. doi: 10.1016/j.rmed.2025.108349. Epub 2025 Sep 10.,Xie RQ,Respir Med,2025,2025/9/12,,,10.1016/j.rmed.2025.108349,https://pubmed.ncbi.nlm.nih.gov/40939893/,https://linkinghub.elsevier.com/retrieve/pii/S0954-6111(25)00412-3,,skipped,Missing PDF URL
40934933,"Safety and activity of tarlatamab in combination with a PD-L1 inhibitor as first-line maintenance therapy after chemo-immunotherapy in patients with extensive-stage small-cell lung cancer (DeLLphi-303): a multicentre, non-randomised, phase 1b study","Paulson KG, Lau SCM, Ahn MJ, Moskovitz M, Pogorzelski M, Häfliger S, Parkes A, Zhang Y, Hamidi A, Thompson CG, Wermke M.",Lancet Oncol. 2025 Oct;26(10):1300-1311. doi: 10.1016/S1470-2045(25)00480-2. Epub 2025 Sep 8.,Paulson KG,Lancet Oncol,2025,2025/9/11,,,10.1016/S1470-2045(25)00480-2,https://pubmed.ncbi.nlm.nih.gov/40934933/,https://doi.org/10.1016/s1470-2045(25)00480-2,,skipped,Missing PDF URL
40932352,"Effects of CVA21, an Oncolytic Virus, in Combination with Pembrolizumab on Immunogenicity and the Tumor Microenvironment in Advanced NSCLC: A Phase I/II Trial","Balasubramanian A, Marceaux C, Kanwal S, Tarasova I, Batey D, Senko C, Asadi K, Yokote K, Palmer J, Christie M, Gunjur A, Arulananda S, Parakh S, Adams D, Phipson B, Grimmond S, Cebon J, Asselin-Labat ML, John T.",Clin Cancer Res. 2025 Nov 14;31(22):4644-4654. doi: 10.1158/1078-0432.CCR-25-1449.,Balasubramanian A,Clin Cancer Res,2025,2025/9/11,,,10.1158/1078-0432.CCR-25-1449,https://pubmed.ncbi.nlm.nih.gov/40932352/,https://www.nih.gov/,,failed,row_timeout>150s
40923969,Enhanced Versus Standard Dermatologic Management With Amivantamab-Lazertinib in EGFR-Mutated Advanced NSCLC: The COCOON Global Randomized Controlled Trial,"Cho BC, Li W, Spira AI, Sauder M, Feldman J, Bozorgmehr F, Mak M, Smith J, Voon PJ, Liu B, Tian P, Tan JL, Yang CT, Shih JY, Karadurmus N, Cundom JE, Bertollo G, Cicin I, Nieva J, Ortega-Granados AL, Tomasini P, Nguyen D, Felip E, Schuchard J, Murphy SP, Anderson BG, Romero T, Xia Y, Sheng S, Bauml JM, Mahadevia PJ, Kam J, Nematian-Samani M, Simoes J, Wildgust M, Girard N.",J Thorac Oncol. 2025 Oct;20(10):1517-1530. doi: 10.1016/j.jtho.2025.07.117. Epub 2025 Sep 9.,Cho BC,J Thorac Oncol,2025,2025/9/9,,,10.1016/j.jtho.2025.07.117,https://pubmed.ncbi.nlm.nih.gov/40923969/,https://doi.org/10.1016/j.jtho.2025.07.117,,skipped,Missing PDF URL
40915534,Effects of Virtual Reality-guided Imagery Relaxation Intervention in Improving Anxiety Among Lung Cancer Patients: A Randomized Controlled Trial,"Li H, Liu F, Li S, Li C, Tian Z.",Asian Nurs Res (Korean Soc Nurs Sci). 2025 Dec;19(5):509-517. doi: 10.1016/j.anr.2025.08.003. Epub 2025 Sep 5.,Li H,Asian Nurs Res (Korean Soc Nurs Sci),2025,2025/9/7,,,10.1016/j.anr.2025.08.003,https://pubmed.ncbi.nlm.nih.gov/40915534/,https://linkinghub.elsevier.com/retrieve/pii/S1976-1317(25)00096-9,,skipped,Missing PDF URL
40905874,A comparative study of dexmedetomidine combined with esketamine and sufentanil for sedation and analgesia in patients undergoing microwave ablation of lung tumors: A prospective single-center randomized double-blind clinical trial,"Li Y, Li Y, Zhang Y, Liu G, Guo J, Zhang Y, Xie Y, Yang N, Chen Y.",J Cancer Res Ther. 2025 Sep 1;21(4):908-916. doi: 10.4103/jcrt.jcrt_2214_24. Epub 2025 Sep 4.,Li Y,J Cancer Res Ther,2025,2025/9/4,,,10.4103/jcrt.jcrt_2214_24,https://pubmed.ncbi.nlm.nih.gov/40905874/,https://journals.lww.com/cancerjournal/fulltext/2025/09000/a_comparative_study_of_dexmedetomidine_combined.16.aspx,,failed,row_timeout>150s
40905871,Improvement and application of supine position components for lung tumor microwave ablation,"Zhang Y, Li Y, Wei Q, Liu J, Peng H, Gao X, Lu D, Xu Z, Yang N.",J Cancer Res Ther. 2025 Sep 1;21(4):885-891. doi: 10.4103/jcrt.jcrt_108_25. Epub 2025 Sep 4.,Zhang Y,J Cancer Res Ther,2025,2025/9/4,,,10.4103/jcrt.jcrt_108_25,https://pubmed.ncbi.nlm.nih.gov/40905871/,https://journals.lww.com/cancerjournal/fulltext/2025/09000/improvement_and_application_of_supine_position.13.aspx,,failed,"https://journals.lww.com/cancerjournal/_layouts/15/oaks.journals/downloadpdf.aspx?trckng_src_pg=ArticleViewer&an=01363817-202509000-00013 -> 200:text/html; charset=utf-8:<!DOCTYPE html PUBLIC ""-//W3C//DTD XHTML 1.0 Transitional//EN"" ""http://www.w3.or | HTTP 403 | chrome_persistent:no_pdf_control | chrome_persistent:no_pdf_control | chrome:no_pdf_control | chrome:row_timeout>150s"
40902906,Predicting radiation pneumonitis in lung cancer patients using robust 4DCT-ventilation and perfusion imaging,"Neupane T, Castillo E, Chen Y, Pahlavian SH, Castillo R, Vinogradskiy Y, Choi W.",Radiother Oncol. 2025 Nov;212:111110. doi: 10.1016/j.radonc.2025.111110. Epub 2025 Sep 1.,Neupane T,Radiother Oncol,2025,2025/9/3,,,10.1016/j.radonc.2025.111110,https://pubmed.ncbi.nlm.nih.gov/40902906/,https://doi.org/10.1016/j.radonc.2025.111110,,skipped,Missing PDF URL
40887341,"Durvalumab Plus Platinum-Etoposide in Extensive-Stage Small-Cell Lung Cancer: Outcomes in Age, Sex, and Platinum Subgroups From the Phase 3 CASPIAN Study","Reinmuth N, Goldman JW, Chen Y, Hotta K, Trukhin D, Statsenko G, Hochmair M, Özgüroğlu M, Ji JH, Garassino MC, Poltoratskiy A, Verderame F, Havel L, Bondarenko I, Losonczy G, Conev N, Kummer S, Mann H, Chugh P, Dalvi T, Paz-Ares L.",Clin Lung Cancer. 2025 Dec;26(8):626-641. doi: 10.1016/j.cllc.2025.08.001. Epub 2025 Aug 6.,Reinmuth N,Clin Lung Cancer,2025,2025/8/31,,,10.1016/j.cllc.2025.08.001,https://pubmed.ncbi.nlm.nih.gov/40887341/,https://linkinghub.elsevier.com/retrieve/pii/S1525-7304(25)00164-0,,skipped,Missing PDF URL
40865372,Real-time non-invasive localization in sub-lobar resection for small pulmonary nodules: a noninferiority randomized clinical trial,"Jiang Y, Lin Y, Mo L, Deng H, Wang R, Zheng J, Liu J, Wang W, Hao Z, He H, Huang Y, Liang W, Cui F, He J, Liang H.",Lung Cancer. 2025 Sep;207:108724. doi: 10.1016/j.lungcan.2025.108724. Epub 2025 Aug 21.,Jiang Y,Lung Cancer,2025,2025/8/27,,,10.1016/j.lungcan.2025.108724,https://pubmed.ncbi.nlm.nih.gov/40865372/,https://linkinghub.elsevier.com/retrieve/pii/S0169-5002(25)00616-6,,skipped,Missing PDF URL
40853904,Multiomics and Single-Cell Insights Reveal a Lysophosphatidic Acid-Mediated Resistant Mechanism to Third-generation EGFR-TKI in Non-Small Cell Lung Cancer,"Gao R, Lou N, Yang S, Yang M, Fan G, Dai L, Tang L, Yao J, Han X, Shi Y.",Clin Cancer Res. 2025 Nov 14;31(22):4814-4831. doi: 10.1158/1078-0432.CCR-25-0993.,Gao R,Clin Cancer Res,2025,2025/8/25,,,10.1158/1078-0432.CCR-25-0993,https://pubmed.ncbi.nlm.nih.gov/40853904/,https://www.nih.gov/,,failed,row_timeout>150s
40850317,A randomized trial of patient navigation with symptom-monitoring in advanced lung cancer,"Prabhash K, Noronha V, Patil V, Menon N, Shah M, Singh A, Pande N, Goud S, More S, Sharma R, Yadav A, Nakti D, Panda G, Saha S, Pawar A, Shetake A, Shah S, Nawale K, Sharma S, Banavali S, Goel N, Badwe R.",Eur J Cancer. 2025 Oct 1;228:115730. doi: 10.1016/j.ejca.2025.115730. Epub 2025 Aug 20.,Prabhash K,Eur J Cancer,2025,2025/8/24,,,10.1016/j.ejca.2025.115730,https://pubmed.ncbi.nlm.nih.gov/40850317/,https://doi.org/10.1016/j.ejca.2025.115730,,skipped,Missing PDF URL
40818480,Effectiveness of comprehensive geriatric assessment with extensive patient coaching for improving quality of life in older patients with solid tumours receiving systemic therapy (G-oncoCOACH): a multicentre randomised controlled trial,"Kenis C, Peeters L, Laethem L, De Cock J, Compté N, Flamaing J, Milisen K, Fagard K, Lobelle JP, Laenen A, Decoster L, Wildiers H.",Lancet Healthy Longev. 2025 Aug;6(8):100743. doi: 10.1016/j.lanhl.2025.100743. Epub 2025 Aug 13.,Kenis C,Lancet Healthy Longev,2025,2025/8/16,,,10.1016/j.lanhl.2025.100743,https://pubmed.ncbi.nlm.nih.gov/40818480/,https://doi.org/10.1016/j.lanhl.2025.100743,,skipped,Missing PDF URL
40818045,A multicenter randomized controlled trial of intrapleural perfusion of methotrexate-loaded tumor cell-derived microparticles combined with systemic therapy for malignant pleural effusion,"Zeng C, Tan Y, Jiao Z, Hu S, Tang S, Shi Q, Yi T, Chen J, Cai M, Liu H, Liu X, Zhu J, Sun P, Zhang Y, Zhu T, Jin H, Wang Z, Zhang M, Yu G, Wang J, Ma F.",Int J Cancer. 2026 Jan 1;158(1):172-181. doi: 10.1002/ijc.70094. Epub 2025 Aug 16.,Zeng C,Int J Cancer,2026,2025/8/16,,,10.1002/ijc.70094,https://pubmed.ncbi.nlm.nih.gov/40818045/,https://onlinelibrary.wiley.com/doi/full/10.1002/ijc.70094,https://onlinelibrary.wiley.com/doi/pdfdirect/10.1002/ijc.70094?hmac=1776410779-BjgIv%2FqGll6w028dOxA5Hq3bm8a8AjAI%2FprHVa5fTCg%3D,failed,
40795416,Long-term results of a randomized controlled trial of biosimilar CT-P16 and reference bevacizumab in patients with metastatic or recurrent non-small cell lung cancer,"Andric Z, Moiseenko F, Makharadze T, Oleksiienko A, Yañez Ruiz E, Kim S, Ahn K, Park T, Ju H, Baek EH, Kwon S, Chang I, Kim S, Kim H, Lee E, Verschraegen C.",Cancer Treat Res Commun. 2025;44:100970. doi: 10.1016/j.ctarc.2025.100970. Epub 2025 Jul 24.,Andric Z,Cancer Treat Res Commun,2025,2025/8/12,PMC12368867,NIHMS2104714,10.1016/j.ctarc.2025.100970,https://pubmed.ncbi.nlm.nih.gov/40795416/,https://doi.org/10.1016/j.ctarc.2025.100970,https://www.sciencedirect.com/science/article/pii/S2468294225001066/pdfft?md5=e7b80474189b31bd98ac5ecaff2cbde4&pid=1-s2.0-S2468294225001066-main.pdf,failed,"Puppeteer: Execution context was destroyed, most likely because of a navigation. | Axios: HTTP 403 | PMC OA package also failed or unavailable"
40783289,"Adagrasib versus docetaxel in KRAS(G12C)-mutated non-small-cell lung cancer (KRYSTAL-12): a randomised, open-label, phase 3 trial","Barlesi F, Yao W, Duruisseaux M, Doucet L, Martínez AA, Gregorc V, Juan-Vidal O, Lu S, De Bondt C, de Marinis F, Linardou H, Kim YC, Jotte R, Felip E, Lo Russo G, Reck M, Michenzie MF, Yang W, Meade JN, Korytowsky B, Mok TSK; KRYSTAL-12 Investigators.",Lancet. 2025 Aug 9;406(10503):615-626. doi: 10.1016/S0140-6736(25)00866-9.,Barlesi F,Lancet,2025,2025/8/9,,,10.1016/S0140-6736(25)00866-9,https://pubmed.ncbi.nlm.nih.gov/40783289/,https://linkinghub.elsevier.com/retrieve/pii/S0140-6736(25)00866-9,,skipped,Missing PDF URL
40782618,"Comparison of subcutaneous tunnel-assisted periareolar incision versus conventional uniportal video-assisted thoracoscopic surgery (VATS) for pulmonary nodules: A prospective, randomized, controlled trial","Yang Z, Chen M, Wu J, Huang G, Zeng T, Li H, Zhang S, Chen C, Zhou C, Zheng B.",Eur J Surg Oncol. 2025 Oct;51(10):110353. doi: 10.1016/j.ejso.2025.110353. Epub 2025 Jul 29.,Yang Z,Eur J Surg Oncol,2025,2025/8/9,,,10.1016/j.ejso.2025.110353,https://pubmed.ncbi.nlm.nih.gov/40782618/,https://linkinghub.elsevier.com/retrieve/pii/S0748-7983(25)00781-4,,skipped,Missing PDF URL
40780316,VALUE Trial: Phase 1 safety and feasibility study of same-day discharge after video-assisted thoracoscopic surgery lung resection,"Walsh LC, Rokah M, Seitlinger J, Gallina FT, Huynh C, Gold MS, Sengupta A, Nicholls-Wallace T, Cronin E, Dehghani M, Rayes R, Mulder D, Sirois C, Rousseau M, Ferri L, Cools-Lartigue J, Costescu F, Najmeh S, Spicer JD.",J Thorac Cardiovasc Surg. 2026 Jan;171(1):33-39. doi: 10.1016/j.jtcvs.2025.07.040. Epub 2025 Aug 6.,Walsh LC,J Thorac Cardiovasc Surg,2026,2025/8/8,,,10.1016/j.jtcvs.2025.07.040,https://pubmed.ncbi.nlm.nih.gov/40780316/,https://doi.org/10.1016/j.jtcvs.2025.07.040,,skipped,Missing PDF URL
40779888,Impact of recruitment method on informed decision-making in lung cancer screening in the 4-IN-THE-LUNG-RUN trial,"Hubert J, Moldovanu D, van den Bosch I, de Nijs K, Haaf KT, Oudkerk M, de Koning HJ, van der Aalst CM.",Lung Cancer. 2025 Sep;207:108686. doi: 10.1016/j.lungcan.2025.108686. Epub 2025 Aug 5.,Hubert J,Lung Cancer,2025,2025/8/8,,,10.1016/j.lungcan.2025.108686,https://pubmed.ncbi.nlm.nih.gov/40779888/,https://doi.org/10.1016/j.lungcan.2025.108686,,skipped,Missing PDF URL
40774040,"Intracranial activity of sotorasib vs docetaxel in pretreated KRAS G12C-mutated advanced non-small cell lung cancer from a global, phase 3, randomized controlled trial","Dingemans AC, Syrigos K, Livi L, Paulus A, Kim SW, Chen Y, Felip E, Griesinger F, Ohashi K, Zalcman G, Hughes BGM, Sørensen JB, Blais N, Ferreira CGM, Lindsay CR, Dziadziuszko R, Ward PJ, Obiozor CC, Wang Y, Peters S.",Lung Cancer. 2025 Sep;207:108683. doi: 10.1016/j.lungcan.2025.108683. Epub 2025 Jul 29.,Dingemans AC,Lung Cancer,2025,2025/8/7,,,10.1016/j.lungcan.2025.108683,https://pubmed.ncbi.nlm.nih.gov/40774040/,https://doi.org/10.1016/j.lungcan.2025.108683,,skipped,Missing PDF URL
40763415,Associations between progastrin-releasing peptide (ProGRP) and neuron-specific enolase (NSE) and survival in patients with limited-stage small cell lung cancer (LS SCLC) receiving chemoradiotherapy (CRT),"Grønberg M, Aanerud M, Halvorsen TO, Killingberg KT, Grønberg BH.",Lung Cancer. 2025 Sep;207:108678. doi: 10.1016/j.lungcan.2025.108678. Epub 2025 Jul 31.,Grønberg M,Lung Cancer,2025,2025/8/5,,,10.1016/j.lungcan.2025.108678,https://pubmed.ncbi.nlm.nih.gov/40763415/,https://linkinghub.elsevier.com/retrieve/pii/S0169-5002(25)00570-7,,skipped,Missing PDF URL
40754681,Automated 3D Computed Tomography Bronchography and Angiography as a Useful Tool for the Clinical Medicine Education of Lung Segmentectomy,"Zhao Y, Yuan F, Liu W, Zuo J, Zhang R.",Am Surg. 2026 Feb;92(2):360-368. doi: 10.1177/00031348251363512. Epub 2025 Aug 3.,Zhao Y,Am Surg,2026,2025/8/4,,,10.1177/00031348251363512,https://pubmed.ncbi.nlm.nih.gov/40754681/,https://journals.sagepub.com/doi/10.1177/00031348251363512?url_ver=Z39.88-2003&rfr_id=ori:rid:crossref.org&rfr_dat=cr_pub  0pubmed,,failed,row_timeout>150s
40752090,Comprehensive first-in-human phase I/II study of FHND-9041 in patients with EGFR-mutated advanced non-small cell lung cancer,"Zeng L, Tong F, Xu X, Song L, Xu S, Zou J, Qiu B, Mao W, Liu H, Zhang B, Rong F, Sun J, Xie H, Jiang Y, Jiang W, Wang Z, Zhang S, Zhang R, Chen L, Zhu Y, Shang M, Chen R, Zhang G, Li T, Wang F, Dong X, Yang N, Zhang Y.",Lung Cancer. 2025 Sep;207:108684. doi: 10.1016/j.lungcan.2025.108684. Epub 2025 Jul 31.,Zeng L,Lung Cancer,2025,2025/8/2,,,10.1016/j.lungcan.2025.108684,https://pubmed.ncbi.nlm.nih.gov/40752090/,https://doi.org/10.1016/j.lungcan.2025.108684,,skipped,Missing PDF URL
40750479,The Effect of Exercise on Quality of Life in Patients With Advanced Lung Cancer: A Secondary Analysis of a Randomized Controlled Trial,"Bloch Z, Jensen S, Sørensen V, Langer SW, Quist M.",Clin Lung Cancer. 2025 Nov;26(7):e582-e590. doi: 10.1016/j.cllc.2025.07.005. Epub 2025 Jul 9.,Bloch Z,Clin Lung Cancer,2025,2025/8/1,,,10.1016/j.cllc.2025.07.005,https://pubmed.ncbi.nlm.nih.gov/40750479/,https://linkinghub.elsevier.com/retrieve/pii/S1525-7304(25)00149-4,,skipped,Missing PDF URL
40738833,The Italian Mauris Phase IIIb Trial of Atezolizumab Plus Carboplatin and Etoposide for Patients With Newly Diagnosed Extensive-Stage Small Cell Lung Cancer: 3-Year End-of-Study Results,"Morgillo F, Del Signore E, Bria E, de Marinis F, Ciardiello F, Garassino MC, Stefani A, Verderame F, Morabito A, Sbrana A, Tonini G, Gilli M, Berardi R, Taveggia PA, Bearz A, Delmonte A, Migliorino MR, Gridelli C, Fadda GM, Iero M, Ardizzoni A.",Clin Lung Cancer. 2025 Nov;26(7):541-551. doi: 10.1016/j.cllc.2025.07.003. Epub 2025 Jul 9.,Morgillo F,Clin Lung Cancer,2025,2025/7/30,,,10.1016/j.cllc.2025.07.003,https://pubmed.ncbi.nlm.nih.gov/40738833/,https://doi.org/10.1016/j.cllc.2025.07.003,,skipped,Missing PDF URL
40730077,"Subcutaneous versus intravenous amivantamab, both in combination with lazertinib, in refractory EGFR-mutated non-small cell lung cancer: Patient satisfaction and resource utilization results from the PALOMA-3 study","Alexander M, Cheng Y, Lee SH, Passaro A, Spira AI, Cho BC, Lim SM, Ohe Y, Nagrial A, Tan JL, Wainsztein V, Ramos E, Campelo MDRG, Akamatsu H, Nguyen D, Cortot AB, Zer A, Erdem D, Sanborn RE, Emde TO, Minchom AR, Zurawski B, Ferreira ML, Yang JC, Marmarelis ME, Schuchard J, Alves J, Ghosh D, Balaburski G, Verheijen RB, Ribeiro L, Gamil M, Bauml JM, Baig M, Leighl NB.",Eur J Cancer. 2025 Sep 9;227:115624. doi: 10.1016/j.ejca.2025.115624. Epub 2025 Jul 10.,Alexander M,Eur J Cancer,2025,2025/7/29,,,10.1016/j.ejca.2025.115624,https://pubmed.ncbi.nlm.nih.gov/40730077/,https://doi.org/10.1016/j.ejca.2025.115624,,skipped,Missing PDF URL
40706710,Brief Report: Post Hoc Validation of Platinum Ineligibility in NSCLC From the Phase III IPSOS Study,"Peters S, Schulz C, Reck M, Prabhash K, Kowalski D, Szczesna A, Han B, Rittmeyer A, Talbot T, Vicente D, Califano R, Cortinovis D, Le AT, Huang D, Liu G, Cappuzzo F, Contreras JR, Palmero R, Mak MP, Popat S, Hu Y, Morris S, Srivastava MK, Kaul M, Graupner V, Gitlitz B, Lee SM.",J Thorac Oncol. 2025 Dec;20(12):1843-1850. doi: 10.1016/j.jtho.2025.07.115. Epub 2025 Jul 22.,Peters S,J Thorac Oncol,2025,2025/7/24,,,10.1016/j.jtho.2025.07.115,https://pubmed.ncbi.nlm.nih.gov/40706710/,https://doi.org/10.1016/j.jtho.2025.07.115,,skipped,Missing PDF URL
40700835,Peripheral blood cells as prognostic markers in patients with advanced non-small cell lung cancer treated with cemiplimab as monotherapy or in combination with chemotherapy,"Acosta RJ, McIntyre DAG, Murray JC, Anagnostou V, Brahmer JR, Meisel A, Sezer A, Gogishvili M, Melkadze T, Baramidze A, Makharadze T, He AY, Jankovic V, Geba GP, Pillai A, Seebach F, Rietschel P, Gullo G, Pouliot JF, Kim Y.",Cancer Treat Res Commun. 2025;44:100959. doi: 10.1016/j.ctarc.2025.100959. Epub 2025 Jul 11.,Acosta RJ,Cancer Treat Res Commun,2025,2025/7/23,,,10.1016/j.ctarc.2025.100959,https://pubmed.ncbi.nlm.nih.gov/40700835/,https://doi.org/10.1016/j.ctarc.2025.100959,https://www.sciencedirect.com/science/article/pii/S2468294225000954/pdfft?md5=bade593d3e7a8307c55737e4387826e2&pid=1-s2.0-S2468294225000954-main.pdf,failed,"Puppeteer: Execution context was destroyed, most likely because of a navigation. | Axios: HTTP 403"
40679002,Comparison of anlotinib combined with docetaxel versus single docetaxel as second-line treatment beside radiotherapy for advanced non-small cell lung cancer: Efficacy and safety,"Fu H, Ke C, Xu Y, Zhang H, Zhong Y, Huang Y.",Pak J Pharm Sci. 2025 May-Jun;38(3):965-973.,Fu H,Pak J Pharm Sci,2025,2025/7/18,,,,https://pubmed.ncbi.nlm.nih.gov/40679002/,https://www.nih.gov/,,failed,row_timeout>150s
40669310,Clearing the air: Empowering high-risk adults with digital tools for smoking cessation and lung cancer screening adoption,"Cooley ME, Kim SS, Xiong N, Heiling H, Mazzola E, Nayak MM, DeMarco R, Borondy-Kitts A, Underhill M, Healey MJ, Yang CJ, Lathan C, Castaldi PJ.",Lung Cancer. 2025 Aug;206:108647. doi: 10.1016/j.lungcan.2025.108647. Epub 2025 Jul 1.,Cooley ME,Lung Cancer,2025,2025/7/16,,,10.1016/j.lungcan.2025.108647,https://pubmed.ncbi.nlm.nih.gov/40669310/,https://linkinghub.elsevier.com/retrieve/pii/S0169-5002(25)00539-2,,skipped,Missing PDF URL
40645032,"The correlation of liquid biopsy genomic data to radiomics in colon, pancreatic, lung and prostatic cancer patients","Italiano A, Gautier O, Dupont J, Assi T, Dawi L, Lawrance L, Bone A, Jardali G, Choucair A, Ammari S, Bayle A, Rouleau E, Cournede PH, Borget I, Besse B, Barlesi F, Massard C, Lassau N.",Eur J Cancer. 2025 Aug 26;226:115609. doi: 10.1016/j.ejca.2025.115609. Epub 2025 Jul 8.,Italiano A,Eur J Cancer,2025,2025/7/11,,,10.1016/j.ejca.2025.115609,https://pubmed.ncbi.nlm.nih.gov/40645032/,https://doi.org/10.1016/j.ejca.2025.115609,,skipped,Missing PDF URL
40618881,"Efficacy and safety of sunvozertinib monotherapy as first-line treatment in NSCLC patients with EGFR exon 20 insertion mutations: A phase 2, single-center trial","Xu Y, Chen M, Gao X, Liu X, Zhao J, Zhong W, Wang M, Lang H, Yip C, Wang M.",Cancer Lett. 2025 Oct 10;630:217904. doi: 10.1016/j.canlet.2025.217904. Epub 2025 Jul 5.,Xu Y,Cancer Lett,2025,2025/7/6,,,10.1016/j.canlet.2025.217904,https://pubmed.ncbi.nlm.nih.gov/40618881/,https://linkinghub.elsevier.com/retrieve/pii/S0304-3835(25)00472-0,,skipped,Missing PDF URL
40617394,"Lazertinib Versus Osimertinib in Previously Untreated EGFR-Mutant Advanced NSCLC: A Randomized, Double-Blind, Exploratory Analysis From MARIPOSA","Lee SH, Lu S, Hayashi H, Felip E, Spira AI, Girard N, Kim YJ, Ostapenko Y, Danchaivijitr P, Liu B, Alip A, Korbenfeld E, Dias JM, Lee KH, Xiong H, How SH, Cheng Y, Chang GC, Chih-Hsin Yang J, Besse B, Thomas M, Shah S, Baig M, Curtin JC, Zhang J, Xie J, Sun T, Sethi S, Wang M, Fennema E, Daksh M, Ennis M, Bauml JM, Cho BC.",J Thorac Oncol. 2025 Nov;20(11):1655-1668. doi: 10.1016/j.jtho.2025.06.030. Epub 2025 Jul 3.,Lee SH,J Thorac Oncol,2025,2025/7/5,,,10.1016/j.jtho.2025.06.030,https://pubmed.ncbi.nlm.nih.gov/40617394/,https://doi.org/10.1016/j.jtho.2025.06.030,,skipped,Missing PDF URL
40609842,"Low-dose Radiation Therapy Concurrent With Atezolizumab and Chemotherapy as First-Line Treatment for Extensive-Stage Small Cell Lung Cancer: 3-Year Follow-up of a Multicenter, Single-arm, Phase 2 Trial (MATCH)","Zhou L, Sun J, Xie C, Kang K, Yao Z, Gong Y, Huang M, Wang H, Wu L, Yuan Z, Bi N, Fan M, Xu Y, Chen Y, Lu Y; MATCH Study Investigators.",Int J Radiat Oncol Biol Phys. 2026 Jan 1;124(1):164-173. doi: 10.1016/j.ijrobp.2025.06.3872. Epub 2025 Jul 1.,Zhou L,Int J Radiat Oncol Biol Phys,2026,2025/7/3,,,10.1016/j.ijrobp.2025.06.3872,https://pubmed.ncbi.nlm.nih.gov/40609842/,https://doi.org/10.1016/j.ijrobp.2025.06.3872,,skipped,Missing PDF URL
40602204,Phase III study of ramucirumab plus docetaxel versus atezolizumab for previously treated PD-L1 low or negative advanced non-small-cell lung cancer: WJOG10317L study,"Zenke Y, Niho S, Toi Y, Yamaguchi M, Hara S, Akazawa Y, Hosomi Y, Yonesaka K, Akamatsu H, Yokoyama T, Tanizaki J, Ueno K, Gyotoku H, Misumi T, Nakagawa K, Yamamoto N, Tsuboi M.",Lung Cancer. 2025 Aug;206:108633. doi: 10.1016/j.lungcan.2025.108633. Epub 2025 Jun 23.,Zenke Y,Lung Cancer,2025,2025/7/2,,,10.1016/j.lungcan.2025.108633,https://pubmed.ncbi.nlm.nih.gov/40602204/,https://doi.org/10.1016/j.lungcan.2025.108633,,skipped,Missing PDF URL
40582920,Activity of Brigatinib in Patients With Crizotinib-Resistant ALK-positive Non-Small-Cell Lung Cancer According to ALK Fusion and Mutation Status,"Bazhenova L, Hodgson JG, Camidge DR, Langer CJ, Huber RM, Kim DW, Reckamp KL, Ahn MJ, Tan DSW, Patel JD, Vincent S, Li C, Humphries MJ, Zhang P, Rivera VM, Gettinger S.",Clin Lung Cancer. 2025 Nov;26(7):e503-e513.e11. doi: 10.1016/j.cllc.2025.05.016. Epub 2025 Jun 6.,Bazhenova L,Clin Lung Cancer,2025,2025/6/29,,,10.1016/j.cllc.2025.05.016,https://pubmed.ncbi.nlm.nih.gov/40582920/,https://doi.org/10.1016/j.cllc.2025.05.016,,skipped,Missing PDF URL
40578381,"Adjuvant chemotherapy for stage IA-IIA non-squamous, non-small-cell lung cancer identified as molecular high-risk by a 14-gene expression profile (AIM-HIGH): an international, randomised, phase 3 trial","Spigel DR, Westeel V, Anderson IC, Greillier L, Guisier F, Bylicki O, Badin FB, Rousseau-Bussac G, Deldycke C, Griesinger F, Bograd A, Zhong W, Le Treut J, Van Hulst S, Gandara DR, Reck M, Hoffknecht P, Gubens MA, Crowley J, von der Leyen H, Woodard GA, Jablons DM, Kratz JR, Mann MJ; AIM-HIGH investigators.",Lancet Respir Med. 2025 Oct;13(10):887-896. doi: 10.1016/S2213-2600(25)00213-9. Epub 2025 Jun 24.,Spigel DR,Lancet Respir Med,2025,2025/6/27,,,10.1016/S2213-2600(25)00213-9,https://pubmed.ncbi.nlm.nih.gov/40578381/,https://linkinghub.elsevier.com/retrieve/pii/S2213-2600(25)00213-9,,skipped,Missing PDF URL
40578313,Quality comparison of mediastinal lymph node dissection between video-assisted thoracic surgery and open thoracotomy: a supplementary analysis of the phase 3 Japan Clinical Oncology Group 1413 trial†,"Tsubokawa N, Tsutani Y, Hishida T, Saji H, Wakabayashi M, Endo M, Mimae T, Miyoshi T, Isaka T, Isaka M, Hattori A, Yoshioka H, Nakajima R, Yotsukura M, Maniwa T, Sekino Y, Fukuda H, Nakagawa K, Aokage K, Watanabe SI, Okada M.",Eur J Cardiothorac Surg. 2025 Jul 1;67(7):ezaf206. doi: 10.1093/ejcts/ezaf206.,Tsubokawa N,Eur J Cardiothorac Surg,2025,2025/6/27,,,10.1093/ejcts/ezaf206,https://pubmed.ncbi.nlm.nih.gov/40578313/,https://www.nih.gov/,,failed,row_timeout>150s
40561860,Gegen Qinlian Tablets attenuate immune-related adverse events in NSCLC patients: A multi-center randomized controlled trial in China,"Lu X, Wang A, Chen D, Yang M, Zhang Y, Liu M, Zhang X, Li Y, Liu D, Wang Y, Cheng Z, Li L, Cui H.",Phytomedicine. 2025 Sep;145:156968. doi: 10.1016/j.phymed.2025.156968. Epub 2025 Jun 15.,Lu X,Phytomedicine,2025,2025/6/25,,,10.1016/j.phymed.2025.156968,https://pubmed.ncbi.nlm.nih.gov/40561860/,https://doi.org/10.1016/j.phymed.2025.156968,https://www.sciencedirect.com/science/article/pii/S0944711325006063/pdfft?md5=5368ee6e985c844f35429783175bf71d&pid=1-s2.0-S0944711325006063-main.pdf,failed,"Puppeteer: Execution context was destroyed, most likely because of a navigation. | Axios: HTTP 403"
40555062,Combination of anlotinib and irinotecan as second-line therapy in extensive-stage small-cell lung cancer relapsed within six months: a single-arm phase Ⅱ study,"Zhang M, Tang Y, Liang J, Zhu L, Wang B, Pan K, Xu X, Chen X, Xia B.",Lung Cancer. 2025 Jul;205:108630. doi: 10.1016/j.lungcan.2025.108630. Epub 2025 Jun 20.,Zhang M,Lung Cancer,2025,2025/6/24,,,10.1016/j.lungcan.2025.108630,https://pubmed.ncbi.nlm.nih.gov/40555062/,https://doi.org/10.1016/j.lungcan.2025.108630,,skipped,Missing PDF URL
40550238,"Efficacy and safety of limertinib versus gefitinib as first-line treatment for locally advanced or metastatic non-small-cell lung cancer with EGFR-sensitising mutation: a randomised, double-blind, double-dummy, phase 3 trial","Shi Y, Wu L, Ji Y, Chen G, Li B, Bi M, Yang R, Miao L, Zhang G, Gao H, Sun L, Zhang M, Cang S, Sun M, Yao W, Pan Z, Cui J, Xiao Y, Wang Q; NCT04143607 Study Group.",Lancet Respir Med. 2025 Aug;13(8):677-686. doi: 10.1016/S2213-2600(25)00121-3. Epub 2025 Jun 20.,Shi Y,Lancet Respir Med,2025,2025/6/23,,,10.1016/S2213-2600(25)00121-3,https://pubmed.ncbi.nlm.nih.gov/40550238/,https://doi.org/10.1016/s2213-2600(25)00121-3,,skipped,Missing PDF URL
40545237,Surgical Outcomes With Neoadjuvant Durvalumab Plus Chemotherapy Followed by Adjuvant Durvalumab in Resectable NSCLC,"Mitsudomi T, Heymach JV, Reck M, Taube JM, Gao S, Horio Y, You J, Li G, Van Luong D, Saeteng S, Tanaka F, Watzka SB, Urban L, Szalai Z, Akamatsu H, Kang JH, Orlandi FJ, Mukhametshina GZ, Pircher A, Teixeira CHA, Aperghis M, Doherty GJ, Doake R, Fouad TM, Harpole D.",J Thorac Oncol. 2025 Nov;20(11):1639-1654. doi: 10.1016/j.jtho.2025.06.015. Epub 2025 Jun 20.,Mitsudomi T,J Thorac Oncol,2025,2025/6/22,,,10.1016/j.jtho.2025.06.015,https://pubmed.ncbi.nlm.nih.gov/40545237/,https://doi.org/10.1016/j.jtho.2025.06.015,https://www.jto.org/action/showPdf?pii=S1556-0864%2825%2900780-4,failed,Puppeteer: Referer flow found no real PDF: https://doi.org/10.1016/j.jtho.2025.06.015 | Direct PDF flow found no real PDF: https://www.jto.org/action/showPdf?pii=S1556-0864%2825%2900780-4 | Axios: HTTP 403
40541556,"A Patient-Centric, Open-Label, Multicenter, Phase II Study of Lorlatinib Monotherapy in the First-Line Treatment of Patients With locally Advanced or Metastatic ALK-Positive Non-Small Cell Lung Cancer (CTONG2203)","Lin JX, Zhou Q, Yan HH, Liu AW, Wu GW, Chu Q, Du YY, Cui JW, Cheng Y, Yang Y, Xu HP, Tu HY, Wu YL, Liu SM.",Clin Lung Cancer. 2025 Sep;26(6):515-519. doi: 10.1016/j.cllc.2025.05.014. Epub 2025 May 28.,Lin JX,Clin Lung Cancer,2025,2025/6/20,,,10.1016/j.cllc.2025.05.014,https://pubmed.ncbi.nlm.nih.gov/40541556/,https://doi.org/10.1016/j.cllc.2025.05.014,,skipped,Missing PDF URL
40540649,Diabetes Mellitus and Lung Cancer Screening Outcomes in the National Lung Screening Trial,"Young RP, Ward RC, Scott RJ, Silvestri GA.",Ann Am Thorac Soc. 2025 Sep;22(9):1409-1418. doi: 10.1513/AnnalsATS.202411-1235OC.,Young RP,Ann Am Thorac Soc,2025,2025/6/20,,,10.1513/AnnalsATS.202411-1235OC,https://pubmed.ncbi.nlm.nih.gov/40540649/,https://academic.oup.com/annalsats/article/22/9/1409/8287424,,failed,"https://academic.oup.com/annalsats/article/22/9/1409/66284611/annalsats_22_9_1409.pdf -> 403:text/html; charset=UTF-8:<!DOCTYPE html><html lang=""en-US""><head><title>Just a moment...</title><meta htt | HTTP 403 | chrome_persistent:https://academic.oup.com/annalsats/article-pdf/22/9/1409/66284611/annalsats_22_9_1409.pdf -> block_page | chrome_persistent:https://academic.oup.com/annalsats/article/22/9/1409/66284611/annalsats_22_9_1409.pdf -> block_page | chrome:https://doi.org/10.1513/AnnalsATS.202411-1235OC -> block_page | chrome:https://doi.org/10.1513/annalsats.202411-1235oc -> block_page | chrome:no_pdf_control | chrome:https://pubmed.ncbi.nlm.nih.gov/40540649/ -> block_page"
40532782,The extent of lymph node dissection is not associated with disease-free survival following lobar or sublobar resection: Results from Cancer and Leukemia Group B 140503 (Alliance),"Altorki N, Damman B, Wang X, Liberman M, Wigle D, Ashrafi A, Conti M, Yasufuku K, Schuchert MJ, Stinchcombe TE.",J Thorac Cardiovasc Surg. 2025 Oct;170(4):933-942.e2. doi: 10.1016/j.jtcvs.2025.06.007. Epub 2025 Jun 16.,Altorki N,J Thorac Cardiovasc Surg,2025,2025/6/18,PMC12289341,NIHMS2090561,10.1016/j.jtcvs.2025.06.007,https://pubmed.ncbi.nlm.nih.gov/40532782/,https://doi.org/10.1016/j.jtcvs.2025.06.007,,failed,PMC OA package unavailable or failed; no pdf_url for fallback
40526078,Randomized phase II clinical trial of cisplatin/carboplatin and etoposide (PE) alone or in combination with nivolumab as frontline therapy for extensive-stage small cell lung cancer (ES-SCLC): ECOG-ACRIN EA5161,"Leal TA, Wang Y, Dowlati A, Chay CH, Chen Y, Mohindra AR, Razaq M, Ajuja HG, Liu J, King DM, Sumey CJ, Ramalingam SS.",Cancer. 2025 Jun 15;131(12):e35938. doi: 10.1002/cncr.35938.,Leal TA,Cancer,2025,2025/6/17,PMC12276847,NIHMS2092744,10.1002/cncr.35938,https://pubmed.ncbi.nlm.nih.gov/40526078/,https://acsjournals.onlinelibrary.wiley.com/doi/10.1002/cncr.35938,https://acsjournals.onlinelibrary.wiley.com/doi/pdfdirect/10.1002/cncr.35938?hmac=1776411598-h0LmjSbkV3EBo1kBsrdL5aP5akJoCKgQjFDi6q%2BKLLA%3D,failed,
40523368,"Sugemalimab versus placebo, in combination with platinum-based chemotherapy, as first-line treatment of metastatic non-small-cell lung cancer (GEMSTONE-302): 4-year outcomes from a double-blind, randomised, phase 3 trial","Zhou C, Wang Z, Sun M, Cao L, Ma Z, Wu R, Yu Y, Yao W, Sun S, Chen J, Zhuang W, Cui J, Chen X, Lu Y, Shen H, Hu C, Liu J, Liu Y, Wang M, Li X, Sun P, Shu Y, Zhou J, Li J, Gu K, Wang C, Zhao H, Zhang Y, Liu C, Yang H, Zhang X, Ma R, Li L, Liang L, Li M, Wang J, Wang Q, Wang B, Dai H, Shi Q, Yang J.",Lancet Oncol. 2025 Jul;26(7):887-897. doi: 10.1016/S1470-2045(25)00198-6. Epub 2025 Jun 13.,Zhou C,Lancet Oncol,2025,2025/6/16,,,10.1016/S1470-2045(25)00198-6,https://pubmed.ncbi.nlm.nih.gov/40523368/,https://doi.org/10.1016/s1470-2045(25)00198-6,https://www.thelancet.com/cms/10.1016/S1470-2045(25)00198-6/attachment/d9edd853-1c3d-4f72-9290-fea137e87ace/mmc1.pdf,failed,Puppeteer: Referer flow found no real PDF: https://doi.org/10.1016/s1470-2045(25)00198-6 | Direct PDF flow found no real PDF: https://www.thelancet.com/cms/10.1016/S1470-2045(25)00198-6/attachment/d9edd853-1c3d-4f72-9290-fea137e87ace/mmc1.pdf | Axios: HTTP 403
40516821,A Pooled Analysis of Datopotamab Deruxtecan in Patients With EGFR-Mutated NSCLC,"Ahn MJ, Lisberg A, Goto Y, Sands J, Hong MH, Paz-Ares L, Pons-Tostivint E, Pérol M, Felip E, Sugawara S, Hayashi H, Cho BC, Blumenschein G Jr, Shum E, Lee JS, Heist RS, Cornelissen R, Chang WC, Kowalski D, Zebger-Gong H, Chargualaf M, Gu W, Lan L, Howarth P, Joseph R, Okamoto I.",J Thorac Oncol. 2025 Nov;20(11):1669-1682. doi: 10.1016/j.jtho.2025.06.002. Epub 2025 Jun 12.,Ahn MJ,J Thorac Oncol,2025,2025/6/14,,,10.1016/j.jtho.2025.06.002,https://pubmed.ncbi.nlm.nih.gov/40516821/,https://doi.org/10.1016/j.jtho.2025.06.002,https://www.jto.org/action/showPdf?pii=S1556-0864%2825%2900761-0,failed,"Puppeteer: Execution context was destroyed, most likely because of a navigation. | Axios: HTTP 403"
40505764,"Co-Development, Evaluation, and Dissemination of a Lung Cancer Screening Digital Outreach Intervention: A Multiphase Randomized Clinical Trial","Neil JM, Mercaldo ND, Tiersma K, Nelson Z, Lee A, Ballini L, Mao B, Shao R, Irwin K, Carlos RC, Park ER, Flores EJ.",J Am Coll Radiol. 2025 Sep;22(9):1008-1018. doi: 10.1016/j.jacr.2025.06.014. Epub 2025 Jun 10.,Neil JM,J Am Coll Radiol,2025,2025/6/12,,,10.1016/j.jacr.2025.06.014,https://pubmed.ncbi.nlm.nih.gov/40505764/,https://linkinghub.elsevier.com/retrieve/pii/S1546-1440(25)00322-9,,skipped,Missing PDF URL
40490216,Intercostal cryoanalgesia for acute pain after video-assisted thoracic surgery lung resection: A randomized controlled preliminary trial,"Koliakos E, Overbeek C, Guay J, Zaouter C, Jamous JA, Nasir B, Liberman M, Abdulnour E, Ghosn P, Frigault E, Glorion M, Williams S, Ferraro P, Moore A.",J Thorac Cardiovasc Surg. 2025 Nov;170(5):1242-1251.e1. doi: 10.1016/j.jtcvs.2025.05.022. Epub 2025 Jun 7.,Koliakos E,J Thorac Cardiovasc Surg,2025,2025/6/9,,,10.1016/j.jtcvs.2025.05.022,https://pubmed.ncbi.nlm.nih.gov/40490216/,https://doi.org/10.1016/j.jtcvs.2025.05.022,,skipped,Missing PDF URL
40480428,Updated Efficacy and Safety From the Phase 2 PHAROS Study of Encorafenib Plus Binimetinib in Patients With BRAF V600E-Mutant Metastatic NSCLC-A Brief Report,"Riely GJ, Ahn MJ, Clarke JM, Dagogo-Jack I, Esper R, Felip E, Gelsomino F, Goldman JW, Hussein M, Johnson M, Marrone KA, Morgensztern D, Nadal E, Negrao MV, Offin M, Provencio M, Ramalingam SS, Roof L, Sanborn RE, Smit EF, Tsao A, Usari T, Alcasid A, Wilner K, Tonkovyd S, Zhang X, Johnson BE.",J Thorac Oncol. 2025 Oct;20(10):1538-1547. doi: 10.1016/j.jtho.2025.05.023. Epub 2025 Jun 4.,Riely GJ,J Thorac Oncol,2025,2025/6/6,PMC12451588,NIHMS2107690,10.1016/j.jtho.2025.05.023,https://pubmed.ncbi.nlm.nih.gov/40480428/,https://pmc.ncbi.nlm.nih.gov/articles/PMC12451588/,,failed,PMC OA package unavailable or failed; no pdf_url for fallback
40473449,"Efficacy and safety of first-line maintenance therapy with lurbinectedin plus atezolizumab in extensive-stage small-cell lung cancer (IMforte): a randomised, multicentre, open-label, phase 3 trial","Paz-Ares L, Borghaei H, Liu SV, Peters S, Herbst RS, Stencel K, Majem M, Şendur MAN, Czyżewicz G, Caro RB, Lee KH, Johnson ML, Karadurmuş N, Grohé C, Baka S, Csőszi T, Ahn JS, Califano R, Yang TY, Kemal Y, Ballinger M, Cuchelkar V, Graupner V, Lin YC, Chakrabarti D, Bhatt K, Cai G, Iannone R, Reck M; IMforte investigators.",Lancet. 2025 Jun 14;405(10495):2129-2143. doi: 10.1016/S0140-6736(25)01011-6. Epub 2025 Jun 2.,Paz-Ares L,Lancet,2025,2025/6/5,,,10.1016/S0140-6736(25)01011-6,https://pubmed.ncbi.nlm.nih.gov/40473449/,https://linkinghub.elsevier.com/retrieve/pii/S0140-6736(25)01011-6,,skipped,Missing PDF URL
40473109,LEAP-008: Lenvatinib Plus Pembrolizumab for Metastatic NSCLC That Has Progressed After an Anti-Programmed Cell Death Protein 1 or Anti-Programmed Cell Death Ligand 1 Plus Platinum Chemotherapy,"Leighl NB, Paz-Ares L, Abreu DR, Hui R, Baka S, Bigot F, Nishio M, Smolin A, Ahmed S, Schoenfeld AJ, Daher S, Cortinovis DL, Di Noia V, Linardou H, Gainor JF, Dutcus C, Okpara CE, Deng X, Kush D, Arunachalam A, Song A, Cho BC.",J Thorac Oncol. 2025 Oct;20(10):1489-1504. doi: 10.1016/j.jtho.2025.05.020. Epub 2025 Jun 3.,Leighl NB,J Thorac Oncol,2025,2025/6/5,,,10.1016/j.jtho.2025.05.020,https://pubmed.ncbi.nlm.nih.gov/40473109/,https://linkinghub.elsevier.com/retrieve/pii/S1556-0864(25)00750-6,,skipped,Missing PDF URL
40473108,Treatment-Free Survival Over 6 Years of Follow-up in Patients With Metastatic NSCLC Treated With First-Line Nivolumab Plus Ipilimumab Versus Chemotherapy in CheckMate 227 Part 1,"Peters S, Regan MM, Paz-Ares LG, Reck M, Borghaei H, O'Byrne KJ, Brahmer JR, Penrod JR, Li J, Tracy L, Yuan Y, Bushong J, Lee A, Eccles LJ, Ray S, Ramalingam SS.",J Thorac Oncol. 2025 Oct;20(10):1505-1516. doi: 10.1016/j.jtho.2025.05.019. Epub 2025 Jun 3.,Peters S,J Thorac Oncol,2025,2025/6/5,,,10.1016/j.jtho.2025.05.019,https://pubmed.ncbi.nlm.nih.gov/40473108/,https://linkinghub.elsevier.com/retrieve/pii/S1556-0864(25)00749-X,https://www.jto.org/action/showPdf?pii=S1556-0864%2825%2900749-X,failed,"Puppeteer: Execution context was destroyed, most likely because of a navigation. | Axios: HTTP 403"
40471875,A Community Health Worker-driven and integrated interactive text messaging intervention to promote smoking cessation and lung cancer screening uptake rates among high-risk Asian immigrants: a feasibility pilot RCT study,"Wen KY, Barta J, Liang J, Koh K, No R, Zhu S, Li K, Shusted C, Juon HS.",Transl Behav Med. 2025 Jan 16;15(1):ibaf018. doi: 10.1093/tbm/ibaf018.,Wen KY,Transl Behav Med,2025,2025/6/5,,,10.1093/tbm/ibaf018,https://pubmed.ncbi.nlm.nih.gov/40471875/,https://academic.oup.com/tbm/article/doi/10.1093/tbm/ibaf018/8157279,,failed,"https://academic.oup.com/tbm/article/15/1/ibaf018/63441451/ibaf018.pdf -> 403:text/html; charset=UTF-8:<!DOCTYPE html><html lang=""en-US""><head><title>Just a moment...</title><meta htt | HTTP 403 | chrome_persistent:https://academic.oup.com/tbm/article-pdf/15/1/ibaf018/63441451/ibaf018.pdf -> warm_blocked:academic.oup.com
Performing security verification

This website uses a security service to protect against malicious bot | chrome_persistent:https://academic.oup.com/tbm/article/15/1/ibaf018/63441451/ibaf018.pdf -> warm_blocked:academic.oup.com
Performing security verification

This website uses a security service to protect against malicious bot | chrome:https://doi.org/10.1093/tbm/ibaf018 -> block_page | chrome:https://pubmed.ncbi.nlm.nih.gov/40471875/ -> block_page"
40468832,Pilot Feasibility Trial of a Supportive Care Digital Application for Patients with Advanced Nonsmall Cell Lung Cancer,"Boulanger MC, Lo SB, Centracchio JA, Jewett B, Freese M, Holtze M, Jacobs JM, Petrillo LA, Bauman J, El-Jawahri A, Temel JS, Greer JA.",J Palliat Med. 2025 Sep;28(9):1210-1219. doi: 10.1089/jpm.2025.0066. Epub 2025 Jun 5.,Boulanger MC,J Palliat Med,2025,2025/6/5,PMC12570872,,10.1089/jpm.2025.0066,https://pubmed.ncbi.nlm.nih.gov/40468832/,https://pmc.ncbi.nlm.nih.gov/articles/PMC9062944/,,failed,row_timeout>150s
40461383,Savolitinib plus osimertinib in epidermal growth factor receptor (EGFR)-mutated advanced non-small cell lung cancer with MET overexpression and/or amplification following disease progression on osimertinib: primary results from the phase II SAVANNAH study,"de Marinis F, Kim TM, Bonanno L, Cheng S, Kim SW, Tiseo M, Chu Q, Proto C, Sacher A, Luo YH, Novello S, Hao D, Baik C, Bazhenova L, Lee JS, Cho BC, Cadranel J, Diep TB, Metro G, Narayanan P, Yoneshima Y, de Castro Carpeño J, Baldotto C, Nyhus C, Yang JC, Sequist LV, Levy B, Hartmaier R, Igwegbe I, Poole L, Xu W, Ahn MJ.",Ann Oncol. 2025 Aug;36(8):920-933. doi: 10.1016/j.annonc.2025.04.003. Epub 2025 Jun 2.,de Marinis F,Ann Oncol,2025,2025/6/3,,,10.1016/j.annonc.2025.04.003,https://pubmed.ncbi.nlm.nih.gov/40461383/,https://linkinghub.elsevier.com/retrieve/pii/S0923-7534(25)00157-7,,skipped,Missing PDF URL
40454646,Tarlatamab in Small-Cell Lung Cancer after Platinum-Based Chemotherapy,"Mountzios G, Sun L, Cho BC, Demirci U, Baka S, Gümüş M, Lugini A, Zhu B, Yu Y, Korantzis I, Han JY, Ciuleanu TE, Ahn MJ, Rocha P, Mazières J, Lau SCM, Schuler M, Blackhall F, Yoshida T, Owonikoko TK, Paz-Ares L, Jiang T, Hamidi A, Gauto D, Recondo G, Rudin CM; DeLLphi-304 Investigators.",N Engl J Med. 2025 Jul 24;393(4):349-361. doi: 10.1056/NEJMoa2502099. Epub 2025 Jun 2.,Mountzios G,N Engl J Med,2025,2025/6/2,,,10.1056/NEJMoa2502099,https://pubmed.ncbi.nlm.nih.gov/40454646/,https://www.nejm.org/doi/full/10.1056/NEJMOA2502099,,failed,row_timeout>150s
40440319,Tailored Patient Navigation to Support Lung Cancer Screening and Smoking Cessation in LGBTQ+ Individuals: A Pilot Study,"Triplette M, Omernik B, Snidarich M, Heffner JL, Brooks E, Crothers K, Brown MC, Murphy NR, Louie T.",Ann Am Thorac Soc. 2025 Oct;22(10):1592-1600. doi: 10.1513/AnnalsATS.202502-215OC.,Triplette M,Ann Am Thorac Soc,2025,2025/5/29,,,10.1513/AnnalsATS.202502-215OC,https://pubmed.ncbi.nlm.nih.gov/40440319/,https://academic.oup.com/annalsats/article/22/10/1592/8444121,,failed,"https://academic.oup.com/annalsats/article/22/10/1592/66716569/annalsats_22_10_1592.pdf -> 403:text/html; charset=UTF-8:<!DOCTYPE html><html lang=""en-US""><head><title>Just a moment...</title><meta htt | HTTP 403 | chrome_persistent:https://academic.oup.com/annalsats/article-pdf/22/10/1592/66716569/annalsats_22_10_1592.pdf -> block_page | chrome_persistent:https://academic.oup.com/annalsats/article/22/10/1592/66716569/annalsats_22_10_1592.pdf -> block_page | chrome:https://doi.org/10.1513/AnnalsATS.202502-215OC -> block_page | chrome:https://doi.org/10.1513/annalsats.202502-215oc -> block_page | chrome:no_pdf_control | chrome:https://pubmed.ncbi.nlm.nih.gov/40440319/ -> block_page"
40434336,Combination of Ropivacaine Hydrochloride and Esketamine for Thoracic Paravertebral Block on Pain and Postoperative Recovery of Patients Undergoing Radical Resection Surgery for Lung Cancer,"Yang Q, Luo Q, Cheng L, Yang ZX, Rao LH, Cheng F, Zheng LD.",J Perianesth Nurs. 2025 Oct;40(5):1238-1244. doi: 10.1016/j.jopan.2025.01.012. Epub 2025 May 27.,Yang Q,J Perianesth Nurs,2025,2025/5/28,,,10.1016/j.jopan.2025.01.012,https://pubmed.ncbi.nlm.nih.gov/40434336/,https://linkinghub.elsevier.com/retrieve/pii/S1089-9472(25)00012-7,,skipped,Missing PDF URL
40419140,"Lenvatinib Plus Pembrolizumab, Pemetrexed, and a Platinum as First-Line Therapy for Metastatic Nonsquamous NSCLC: Phase 3 LEAP-006 Study","Herbst RS, Cho BC, Zhou C, Burotto M, Dols MC, Sendur MAN, Moiseyenko V, Casarini I, Nishio M, Hui R, Pons-Tostivint E, Dudnik J, Ahmed S, Okpara CE, Dutcus C, Yin L, Luo Y, Chirovsky D, Bhagwati N, Abreu DR.",J Thorac Oncol. 2025 Sep;20(9):1302-1314. doi: 10.1016/j.jtho.2025.05.016. Epub 2025 May 24.,Herbst RS,J Thorac Oncol,2025,2025/5/26,,,10.1016/j.jtho.2025.05.016,https://pubmed.ncbi.nlm.nih.gov/40419140/,https://linkinghub.elsevier.com/retrieve/pii/S1556-0864(25)00724-5,,skipped,Missing PDF URL
40409025,A treatment-related death predictive score for treatment-naïve advanced non-small cell lung cancer,"Nomura S, Sekino Y, Shiraishi Y, Toi Y, Yoshida T, Tanaka K, Suzuki S, Azuma K, Hara S, Morita R, Niho S, Koda T, Toyozawa R, Yoh K, Kurata T, Fukuda H, Ohe Y, Okamoto I.",Lung Cancer. 2025 Jun;204:108584. doi: 10.1016/j.lungcan.2025.108584. Epub 2025 May 16.,Nomura S,Lung Cancer,2025,2025/5/23,,,10.1016/j.lungcan.2025.108584,https://pubmed.ncbi.nlm.nih.gov/40409025/,https://linkinghub.elsevier.com/retrieve/pii/S0169-5002(25)00476-3,,skipped,Missing PDF URL
40381824,Safety and Feasibility of Novel Single-Port Robotic-Assisted Lobectomy/Segmentectomy for Lung Cancer,"Liang H, Wang W, Zhang M, Wang R, Jiang S, Xu F, Yang C, Huang J, Li S, Zhang Z, Wu W, Gonzalez-Rivas D, He J.",Ann Thorac Surg. 2026 Jan;121(1):205-214. doi: 10.1016/j.athoracsur.2025.04.035. Epub 2025 May 15.,Liang H,Ann Thorac Surg,2026,2025/5/17,,,10.1016/j.athoracsur.2025.04.035,https://pubmed.ncbi.nlm.nih.gov/40381824/,https://doi.org/10.1016/j.athoracsur.2025.04.035,,skipped,Missing PDF URL
40378060,"Phase I/II Study of Tifcemalimab, an Anti-B- and T-lymphocyte Attenuator Antibody, in Combination with Toripalimab in Previously Treated Advanced Lung Cancer","Cheng Y, Wang J, Yu Y, Wang Q, Yang R, Xia B, Li C, Lv D, Yi T, Han L, Liu XQ, Wang XC, Zhang W, Su M, Shen M, Xu J, Peng BA.",Clin Cancer Res. 2025 Jul 15;31(14):2926-2934. doi: 10.1158/1078-0432.CCR-25-0022.,Cheng Y,Clin Cancer Res,2025,2025/5/16,,,10.1158/1078-0432.CCR-25-0022,https://pubmed.ncbi.nlm.nih.gov/40378060/,https://www.nih.gov/,,failed,row_timeout>150s
40350080,Lazertinib for Patients with NSCLC Harboring Uncommon EGFR Mutations: A Phase II Multicenter Trial,"Park S, Ahn HK, Lee S, Min YJ, Kim J, Jung HA, Sun JM, Lee SH, Ahn JS, Ahn MJ, Lee JB, Lim SM, Kim HR, Cho BC, Hong MH.",J Thorac Oncol. 2025 Sep;20(9):1279-1288. doi: 10.1016/j.jtho.2025.05.006. Epub 2025 May 9.,Park S,J Thorac Oncol,2025,2025/5/11,,,10.1016/j.jtho.2025.05.006,https://pubmed.ncbi.nlm.nih.gov/40350080/,https://linkinghub.elsevier.com/retrieve/pii/S1556-0864(25)00713-0,,skipped,Missing PDF URL
40345066,"Midazolam with fentanyl for endobronchial ultrasound-guided transbronchial needle aspiration: a randomized, double-blind, phase III study","Yamada J, Hazama D, Fukui T, Yatani A, Okamoto M, Fujimoto S, Yoshimura R, Takayasu M, Takata N, Sato H, Mimura C, Furukawa K, Katsurada N, Yamamoto M, Tachihara M.",Lung Cancer. 2025 Jun;204:108556. doi: 10.1016/j.lungcan.2025.108556. Epub 2025 Apr 24.,Yamada J,Lung Cancer,2025,2025/5/9,,,10.1016/j.lungcan.2025.108556,https://pubmed.ncbi.nlm.nih.gov/40345066/,https://doi.org/10.1016/j.lungcan.2025.108556,,skipped,Missing PDF URL
40311307,Multimodality treatment in synchronous oligometastatic NSCLC: Analysis of the ETOP CHESS trial,"Guckenberger M, Opitz I, Dellaporta T, Curioni-Fontecedro A, Frauenfelder T, Ribi K, Cerciello F, Sullivan I, Hendriks L, Dorta M, Callejo A, Aerts J, Addeo A, Dingemans AC, Pasello G, Provencio M, de Marinis F, Mederos-Alfonso N, Roschitzki-Voser H, Ruepp B, Haberecker M, Kammler R, Dafni U, Peters S, Stahel R; ETOP 14-18 CHESS collaborators.",Lung Cancer. 2025 Jun;204:108553. doi: 10.1016/j.lungcan.2025.108553. Epub 2025 Apr 21.,Guckenberger M,Lung Cancer,2025,2025/5/1,,,10.1016/j.lungcan.2025.108553,https://pubmed.ncbi.nlm.nih.gov/40311307/,https://linkinghub.elsevier.com/retrieve/pii/S0169-5002(25)00445-3,,skipped,Missing PDF URL
40306134,Clinical effect of pulmonary rehabilitation during radiotherapy in lung cancer: A randomized controlled trial,"Lee JH, Cha S, Ko EJ, Kim W, Kim SS, Song SY, Jeon JY, Ji W, Choi CM, Lee SH, Lee SW.",Lung Cancer. 2025 Jun;204:108546. doi: 10.1016/j.lungcan.2025.108546. Epub 2025 Apr 17.,Lee JH,Lung Cancer,2025,2025/4/30,,,10.1016/j.lungcan.2025.108546,https://pubmed.ncbi.nlm.nih.gov/40306134/,https://linkinghub.elsevier.com/retrieve/pii/S0169-5002(25)00438-6,,skipped,Missing PDF URL
40305876,Randomized controlled trial investigating the effect of a Baduanjin exercise plus nutrition programme on cancer-related fatigue in elderly lung cancer patients receiving chemotherapy,"Wu J, Zhang C, Jing Z, Wu X.",Exp Gerontol. 2025 Jul;206:112763. doi: 10.1016/j.exger.2025.112763. Epub 2025 Apr 29.,Wu J,Exp Gerontol,2025,2025/4/30,,,10.1016/j.exger.2025.112763,https://pubmed.ncbi.nlm.nih.gov/40305876/,https://linkinghub.elsevier.com/retrieve/pii/S0531-5565(25)00092-0,https://www.sciencedirect.com/science/article/pii/S0531556525000920/pdfft?md5=60ba0e24e8cc2917f532c7eb7d8a1d97&pid=1-s2.0-S0531556525000920-main.pdf,failed,"Puppeteer: Execution context was destroyed, most likely because of a navigation. | Axios: HTTP 403"
40300278,Amivantamab plus lazertinib versus osimertinib as first-line treatment in EGFR-mutated advanced non-small cell lung cancer: MARIPOSA Asian subset,"Cho BC, Hayashi H, Lee JS, Lee SH, Danchaivijitr P, Cheng Y, Liu B, Alip A, Xiong H, How SH, Chang GC, Yang JC, Yoshioka H, Nahit Şendur MA, Prabhash K, Azuma K, Lee YG, Lin CC, Matsumoto S, Sunpaweravong P, Xia Y, Martinez M, Bauml JM, Sethi S, Lu S.",Lung Cancer. 2025 Jun;204:108496. doi: 10.1016/j.lungcan.2025.108496. Epub 2025 Mar 15.,Cho BC,Lung Cancer,2025,2025/4/29,,,10.1016/j.lungcan.2025.108496,https://pubmed.ncbi.nlm.nih.gov/40300278/,https://linkinghub.elsevier.com/retrieve/pii/S0169-5002(25)00388-5,,skipped,Missing PDF URL
40293180,Zongertinib in Previously Treated HER2-Mutant Non-Small-Cell Lung Cancer,"Heymach JV, Ruiter G, Ahn MJ, Girard N, Smit EF, Planchard D, Wu YL, Cho BC, Yamamoto N, Sabari JK, Zhao Y, Tu HY, Yoh K, Nadal E, Sadrolhefazi B, Rohrbacher M, von Wangenheim U, Eigenbrod-Giese S, Zugazagoitia J; Beamion LUNG-1 Investigators.",N Engl J Med. 2025 Jun 19;392(23):2321-2333. doi: 10.1056/NEJMoa2503704. Epub 2025 Apr 28.,Heymach JV,N Engl J Med,2025,2025/4/28,,,10.1056/NEJMoa2503704,https://pubmed.ncbi.nlm.nih.gov/40293180/,https://www.nejm.org/doi/full/10.1056/NEJMOA2503704,https://www.nejm.org/doi/suppl/10.1056/NEJMoa2503704/suppl_file/nejmoa2503704_disclosures.pdf,failed,row_timeout>150s
40288687,Impact of estimated dose of radiation to immune cells (EDRIC) in locally advanced Non-Small-Cell lung Cancer: A secondary analysis of the multicenter randomized PET-Plan trial,"Dejonckheere CS, Nour Y, Sahlmann J, Engelhart MT, Hammi A, Barth SA, Schimek-Jasch T, Adebahr S, Hecht M, Waller C, Schmid S, Miederer M, Brose A, Binder H, König J, Rimner A, Grosu AL, Nestle U, Gkika E.",Radiother Oncol. 2025 Jul;208:110907. doi: 10.1016/j.radonc.2025.110907. Epub 2025 Apr 25.,Dejonckheere CS,Radiother Oncol,2025,2025/4/27,,,10.1016/j.radonc.2025.110907,https://pubmed.ncbi.nlm.nih.gov/40288687/,https://doi.org/10.1016/j.radonc.2025.110907,,skipped,Missing PDF URL
40274117,"Efficacy and safety of esketamine for smoking cessation among patients diagnosed with lung cancer and major depression disorder: A randomized, placebo-controlled clinical trial","Hong X, Xu S, Sun G, Liu Y, Yi W, Hu Q, Li W, Liu J, Wu F, Yu M, Lou Y, Wang Z, Xu Z, Fang C, Yang H, Wang W.",J Affect Disord. 2025 Aug 15;383:1-10. doi: 10.1016/j.jad.2025.04.077. Epub 2025 Apr 23.,Hong X,J Affect Disord,2025,2025/4/24,,,10.1016/j.jad.2025.04.077,https://pubmed.ncbi.nlm.nih.gov/40274117/,https://linkinghub.elsevier.com/retrieve/pii/S0165-0327(25)00649-4,,skipped,Missing PDF URL
40258573,"High-Dose Versus Standard-Dose Twice-Daily Thoracic Radiotherapy in Limited-Stage SCLC: Final Survival Data, Long-Term Toxicity, and Relapse Patterns in a Randomized, Open-Label, Phase II Trial","Grønberg BH, Killingberg KT, Fløtten Ø, Bjaanæs MM, Brustugun OT, Madebo T, Langer SW, Risumlund SL, Schytte T, Helbekkmo N, Neumann K, Yksnøy Ø, Engleson J, Fluge S, Naustdal T, Giske LE, Nyman J, Tsakonas G, Halvorsen TO.",J Thorac Oncol. 2025 Aug;20(8):1108-1119. doi: 10.1016/j.jtho.2025.04.007. Epub 2025 Apr 19.,Grønberg BH,J Thorac Oncol,2025,2025/4/21,,,10.1016/j.jtho.2025.04.007,https://pubmed.ncbi.nlm.nih.gov/40258573/,https://linkinghub.elsevier.com/retrieve/pii/S1556-0864(25)00696-3,,skipped,Missing PDF URL
40258572,Surveillance With Fluorine-18 Fluorodeoxyglucose Positron Emission Tomography/Computed Tomography of Patients With Stage I-to-III Lung Cancer After Completion of Curative treatment (SUPE_R): A Randomized Controlled Trial,"Guldbrandsen KF, Bloch M, Skougaard K, Ahlborn LB, Jakobsen E, Højsgaard A, Petersen RH, Møller LB, Dahl M, Sorensen BS, Frank MS, Ehlers JH, Krakauer M, Gørtz PM, Albrecht-Beste E, Grüner JM, Saghir Z, Fledelius J, Nielsen AL, Holdgaard PC, Nielsen SS, Pøhl M, Borissova S, Land LH, Kristiansen C, McCulloch T, Mortensen LS, Nellemann HM, Christophersen MS, Hilberg O, Rasmussen TL, Schwaner SHS, Laursen CB, Bodtger U, Sopina L, Lonsdale MN, Meyer CN, Gerke O, Mortensen J, Rasmussen TR, Fischer BM; SUPE_R Study Group.",J Thorac Oncol. 2025 Aug;20(8):1086-1097. doi: 10.1016/j.jtho.2025.04.003. Epub 2025 Apr 19.,Guldbrandsen KF,J Thorac Oncol,2025,2025/4/21,,,10.1016/j.jtho.2025.04.003,https://pubmed.ncbi.nlm.nih.gov/40258572/,https://linkinghub.elsevier.com/retrieve/pii/S1556-0864(25)00693-8,,skipped,Missing PDF URL
40253945,"Atezolizumab with carboplatin plus nab-paclitaxel combination therapy for advanced nonsquamous non-small cell lung cancer with impaired renal function: A multicenter, single-arm phase 2 trial (RESTART, LOGiK 2002)","Shiraishi Y, Shimose T, Tobino K, Toi Y, Wakuda K, Matsumoto H, Sakaguchi T, Mashimoto A, Hayashi H, Ebina-Shibuya R, Mori M, Taniguchi Y, Kuyama S, Kashiwabara K, Furuyama K, Yoshimine K, Kimura Y, Kobayashi H, Kishimoto J, Okamoto I.",Lung Cancer. 2025 May;203:108543. doi: 10.1016/j.lungcan.2025.108543. Epub 2025 Apr 18.,Shiraishi Y,Lung Cancer,2025,2025/4/20,,,10.1016/j.lungcan.2025.108543,https://pubmed.ncbi.nlm.nih.gov/40253945/,https://doi.org/10.1016/j.lungcan.2025.108543,,skipped,Missing PDF URL
40253943,Efficacy and safety of bintrafusp alfa evaluated in a phase II single-arm clinical trial in previously treated advanced pleural mesothelioma,"Nadal E, Martín-Martorell P, Benítez JC, Sala MÁ, Cedrés S, Álvarez C, Dómine M, Sais E, Saigí M, López R, Vilà L, Massutí B, García-Campelo R, Mesas-Ruiz A, Insa A, Plans-Marín S, Hijazo-Pechero S, Muñoz-Pinedo C, Brenes J, Provencio M; Spanish Lung Cancer Group.",Lung Cancer. 2025 May;203:108545. doi: 10.1016/j.lungcan.2025.108545. Epub 2025 Apr 17.,Nadal E,Lung Cancer,2025,2025/4/20,,,10.1016/j.lungcan.2025.108545,https://pubmed.ncbi.nlm.nih.gov/40253943/,https://linkinghub.elsevier.com/retrieve/pii/S0169-5002(25)00437-4,,skipped,Missing PDF URL
40232157,Pilot phase II study of the combination of lenvatinib (L) and eribulin (E) in advanced solid tumors,"Banwait R, Ko H, Michalek J, Liu Q, Lathrop K, Bowhay-Carnes E, Fotopoulos G, Sarantopoulos J, Elledge R, Taverna J, Karnad A, Siziopikou KP, Kaklamani V.",Int J Cancer. 2025 Aug 15;157(4):752-759. doi: 10.1002/ijc.35446. Epub 2025 Apr 15.,Banwait R,Int J Cancer,2025,2025/4/15,,,10.1002/ijc.35446,https://pubmed.ncbi.nlm.nih.gov/40232157/,https://onlinelibrary.wiley.com/doi/full/10.1002/ijc.35446,,failed,row_timeout>150s
40231692,Providing Reminders and Education Prior to lung cancer screening: Feasibility and acceptability of a multilevel approach to address disparities in lung cancer screening,"Williams RM, Whealan J, Sangraula A, Taylor KL, Adams-Campbell L, Miller KE, Glassmeyer K, Yee P, Camidge K, Foley K, Luta G, Lin KW, Barnes R, DuBoyce WF.",Transl Behav Med. 2025 Jan 16;15(1):ibaf008. doi: 10.1093/tbm/ibaf008.,Williams RM,Transl Behav Med,2025,2025/4/15,PMC11997668,,10.1093/tbm/ibaf008,https://pubmed.ncbi.nlm.nih.gov/40231692/,https://pmc.ncbi.nlm.nih.gov/articles/PMC7175982/,,failed,row_timeout>150s
40216327,Neoadjuvant Concurrent Chemo-Immuno-Radiation Therapy Followed by Surgery and Adjuvant Immunotherapy for Resectable Stage III N2 NSCLC: Primary Results From the SQUAT Trial (WJOG 12119L),"Hamada A, Soh J, Hata A, Nakamatsu K, Shimokawa M, Yatabe Y, Suzuki J, Tsuboi M, Horinouchi H, Sakairi Y, Tanahashi M, Toyooka S, Okada M, Matsuura N, Shigematsu H, Nishimura Y, Yamamoto N, Nakagawa K, Mitsudomi T.",J Thorac Oncol. 2025 Aug;20(8):1098-1107. doi: 10.1016/j.jtho.2025.03.051. Epub 2025 Apr 9.,Hamada A,J Thorac Oncol,2025,2025/4/11,,,10.1016/j.jtho.2025.03.051,https://pubmed.ncbi.nlm.nih.gov/40216327/,https://linkinghub.elsevier.com/retrieve/pii/S1556-0864(25)00656-2,,skipped,Missing PDF URL
40158734,"Stereotactic Magnetic Resonance Guided Adaptive Radiation Therapy in One Fraction (SMART ONE): A Multicenter, Single-Arm, Phase 2 Trial","Chuong MD, Mittauer KE, Bassetti MF, Rojas C, Glide-Hurst C, Kalman NS, Tom MC, Rubens M, Crosby J, Burr A, Tolakanahalli R, Gutierrez AN, Bassiri N, Mehta MP, Kotecha R.",Int J Radiat Oncol Biol Phys. 2025 Jul 15;122(4):957-967. doi: 10.1016/j.ijrobp.2025.03.030. Epub 2025 Mar 28.,Chuong MD,Int J Radiat Oncol Biol Phys,2025,2025/3/30,,,10.1016/j.ijrobp.2025.03.030,https://pubmed.ncbi.nlm.nih.gov/40158734/,https://doi.org/10.1016/j.ijrobp.2025.03.030,,skipped,Missing PDF URL
40158245,Timing of advance care planning in patients with advanced cancer: Analysis of ACTION data,"Zhu T, Rietjens JA, van Delden JJM, Deliens L, van der Heide A, Johnsen AT, Ingravallo F, Lunder U, Preston NJ, Seymour J, Korfage IJ.",Patient Educ Couns. 2025 Jul;136:108761. doi: 10.1016/j.pec.2025.108761. Epub 2025 Mar 24.,Zhu T,Patient Educ Couns,2025,2025/3/30,,,10.1016/j.pec.2025.108761,https://pubmed.ncbi.nlm.nih.gov/40158245/,https://linkinghub.elsevier.com/retrieve/pii/S0738-3991(25)00128-4,https://www.sciencedirect.com/science/article/pii/S0738399125001284/pdfft?md5=b9ea56972e0064197679a72bb6ba597a&pid=1-s2.0-S0738399125001284-main.pdf,failed,"Puppeteer: Execution context was destroyed, most likely because of a navigation. | Axios: HTTP 403"
40157574,"Subcutaneous versus intravenous pembrolizumab, in combination with chemotherapy, for treatment of metastatic non-small-cell lung cancer: the phase III 3475A-D77 trial","Felip E, Rojas CI, Schenker M, Kowalski DM, Casarini IA, Csöszi T, Şendur MAN, Martins J, Calles Blanco A, Wang CC, Wang M, Ramirez Fallas RAL, Yoshioka H, Nair S, Song X, Deng X, Lala M, Eiras R, Takahashi T.",Ann Oncol. 2025 Jul;36(7):775-785. doi: 10.1016/j.annonc.2025.03.012. Epub 2025 Mar 27.,Felip E,Ann Oncol,2025,2025/3/29,,,10.1016/j.annonc.2025.03.012,https://pubmed.ncbi.nlm.nih.gov/40157574/,https://linkinghub.elsevier.com/retrieve/pii/S0923-7534(25)00123-1,,skipped,Missing PDF URL
40156600,Esophageal Toxicity After Dose-Escalated Radiation Therapy for Stage II-III Non-Small Cell Lung Cancer: A Secondary Analysis of the Phase 2 Randomized ARTFORCE PET-Boost Trial,"Cooke SA, Belderbos JSA, Stam B, Reymen B, Lambrecht M, Fredberg Persson G, Faivre-Finn C, Dieleman EMT, van Diessen J, de Ruysscher D, Sonke JJ.",Int J Radiat Oncol Biol Phys. 2025 Aug 1;122(5):1227-1237. doi: 10.1016/j.ijrobp.2025.03.001. Epub 2025 Mar 28.,Cooke SA,Int J Radiat Oncol Biol Phys,2025,2025/3/29,,,10.1016/j.ijrobp.2025.03.001,https://pubmed.ncbi.nlm.nih.gov/40156600/,https://linkinghub.elsevier.com/retrieve/pii/S0360-3016(25)00228-7,,skipped,Missing PDF URL
40155296,"Postoperative Pain Intensity After Single-port, Double-port, and Triple-port Video-assisted Lung Lobectomy: A Three-arm Parallel Randomized Clinical Trial","Kosiński S, Putowski Z, Stachowicz J, Czajkowski W, Wiłkojć M, Ziętkiewicz M, Zieliński M.",J Cardiothorac Vasc Anesth. 2025 Jul;39(7):1755-1762. doi: 10.1053/j.jvca.2025.02.051. Epub 2025 Mar 7.,Kosiński S,J Cardiothorac Vasc Anesth,2025,2025/3/28,,,10.1053/j.jvca.2025.02.051,https://pubmed.ncbi.nlm.nih.gov/40155296/,https://www.sciencedirect.com/science/article/pii/S1053077025001995,,failed,row_timeout>150s
40135473,Efficacy and safety of autologous CIK cell therapy plus Toripalimab with or without chemotherapy in advanced NSCLC: A phase II study,"Zhong R, Chu T, Xiong L, Shi C, Zhang W, Zhang X, Yang X, Lian Y, Zhang M, Zhong H, Han B.",Int J Cancer. 2025 Aug 1;157(3):549-558. doi: 10.1002/ijc.35422. Epub 2025 Mar 26.,Zhong R,Int J Cancer,2025,2025/3/26,,,10.1002/ijc.35422,https://pubmed.ncbi.nlm.nih.gov/40135473/,https://onlinelibrary.wiley.com/doi/full/10.1002/ijc.35422,https://onlinelibrary.wiley.com/doi/pdfdirect/10.1002/ijc.35422?hmac=1776413082-njoTYzinpPs7MdgYuD8KFdY6yO8L%2FfrPvtLDDxvFNq0%3D,failed,
40120352,What are the outcomes for long-term survivors after esophagectomy ? - Evidence from a randomized controlled trial (FFCD9901),"Robb WB, Veziant J, Dahan L, Mornex F, Barbier E, D'Journo XB, Manfredi S, Boige V, Jary M, Christou N, Lepage C, Piessen G; FFCD, SFRO, UNICANCER, GERCOR and the FREGAT working group-FRENCH.",Eur J Surg Oncol. 2025 Jul;51(7):109736. doi: 10.1016/j.ejso.2025.109736. Epub 2025 Mar 6.,Robb WB,Eur J Surg Oncol,2025,2025/3/22,,,10.1016/j.ejso.2025.109736,https://pubmed.ncbi.nlm.nih.gov/40120352/,https://doi.org/10.1016/j.ejso.2025.109736,,skipped,Missing PDF URL
40120334,CRES(3)T: A single-arm confirmatory trial of S-1 plus cisplatin with concurrent radical-dose radiotherapy followed by surgery for superior sulcus tumors,"Takamochi K, Suzuki K, Okada M, Niho S, Ishikura S, Oyamada S, Yamaguchi T, Horio H, Ikeda N, Tanaka F, Shiono S, Haruki T, Yoshino I, Ito H, Uramoto H, Okumura N, Iwata H, Saji H, Fujiwara T, Funai K, Ueno T, Sugio K, Tsuboi M; Advanced Clinical Trial Chest Surgery Group ACTG.",Lung Cancer. 2025 Apr;202:108506. doi: 10.1016/j.lungcan.2025.108506. Epub 2025 Mar 19.,Takamochi K,Lung Cancer,2025,2025/3/22,,,10.1016/j.lungcan.2025.108506,https://pubmed.ncbi.nlm.nih.gov/40120334/,https://linkinghub.elsevier.com/retrieve/pii/S0169-5002(25)00398-8,,skipped,Missing PDF URL
40118215,Cemiplimab Monotherapy for First-Line Treatment of Patients with Advanced NSCLC With PD-L1 Expression of 50% or Higher: Five-Year Outcomes of EMPOWER-Lung 1,"Kilickap S, Baramidze A, Sezer A, Özgüroğlu M, Gumus M, Bondarenko I, Gogishvili M, Nechaeva M, Schenker M, Cicin I, Fuang HG, Kulyaba Y, Zyuhal K, Scheusan RI, Garassino MC, Li Y, Zhu C, Kaul M, Perez J, Seebach F, Lowy I, Pouliot JF, Kim E, Magnan H.",J Thorac Oncol. 2025 Jul;20(7):941-954. doi: 10.1016/j.jtho.2025.03.033. Epub 2025 Mar 19.,Kilickap S,J Thorac Oncol,2025,2025/3/21,,,10.1016/j.jtho.2025.03.033,https://pubmed.ncbi.nlm.nih.gov/40118215/,https://linkinghub.elsevier.com/retrieve/pii/S1556-0864(25)00178-9,,skipped,Missing PDF URL
40064573,"The PESGA Trial: A Prospective, Open-Label, Single-Arm, Phase II Study to Evaluate First Line Therapy for Extensive-Stage Small Cell Lung Cancer (ES-SCLC) Patients, Treated by Induction Carboplatin/Etoposide/Pembrolizumab Followed by Maintenance of Pembrolizumab/ Sacituzumab Govitecan","Roisman LC, Mann S, Basel A, Marei R, Krayim B, Kornev G, Asna N, Peled N.",Clin Lung Cancer. 2025 Jun;26(4):267-270. doi: 10.1016/j.cllc.2025.02.002. Epub 2025 Feb 13.,Roisman LC,Clin Lung Cancer,2025,2025/3/10,,,10.1016/j.cllc.2025.02.002,https://pubmed.ncbi.nlm.nih.gov/40064573/,https://linkinghub.elsevier.com/retrieve/pii/S1525-7304(25)00027-0,,skipped,Missing PDF URL
40058642,Gut Microbiota in Advanced NSCLC Receiving Chemoimmunotherapy: An Ancillary Biomarker Study From the Phase III Trial JCOG2007 (NIPPON),"Hakozaki T, Tanaka K, Shiraishi Y, Sekino Y, Mitome N, Okuma Y, Aiba T, Utsumi T, Tanizaki J, Azuma K, Hara S, Morita R, Niho S, Yokoyama T, Toyozawa R, Horinouchi H, Okamoto I, Hosomi Y, Ohe Y.",J Thorac Oncol. 2025 Jul;20(7):912-927. doi: 10.1016/j.jtho.2025.02.026. Epub 2025 Mar 7.,Hakozaki T,J Thorac Oncol,2025,2025/3/9,,,10.1016/j.jtho.2025.02.026,https://pubmed.ncbi.nlm.nih.gov/40058642/,https://doi.org/10.1016/j.jtho.2025.02.026,,skipped,Missing PDF URL
40057343,"Ivonescimab versus pembrolizumab for PD-L1-positive non-small cell lung cancer (HARMONi-2): a randomised, double-blind, phase 3 study in China","Xiong A, Wang L, Chen J, Wu L, Liu B, Yao J, Zhong H, Li J, Cheng Y, Sun Y, Ge H, Yao J, Shi Q, Zhou M, Chen B, Han Z, Wang J, Bu Q, Zhao Y, Chen J, Nie L, Li G, Li X, Yu X, Ji Y, Sun D, Ai X, Chu Q, Lin Y, Hao J, Huang D, Zhou C, Shan J, Yang H, Liu X, Wang J, Shang Y, Mei X, Yang J, Lu D, Hu M, Wang ZM, Li B, Xia M, Zhou C.",Lancet. 2025 Mar 8;405(10481):839-849. doi: 10.1016/S0140-6736(24)02722-3.,Xiong A,Lancet,2025,2025/3/8,,,10.1016/S0140-6736(24)02722-3,https://pubmed.ncbi.nlm.nih.gov/40057343/,https://linkinghub.elsevier.com/retrieve/pii/S0140-6736(24)02722-3,,skipped,Missing PDF URL
40054586,Impact of Different Mediastinal Staging Modalities on Target Volume Delineation in Locally Advanced Non-Small Cell Lung Cancer: A Secondary Analysis of the Multicenter Randomized PET-Plan Trial,"Rimner A, Dejonckheere CS, Sahlmann J, Barth SA, Schimek-Jasch T, Adebahr S, Hecht M, Waller CF, Schmid S, Stolz D, Miederer M, Brose A, Binder H, König J, Grosu AL, Nestle U, Gkika E.",Int J Radiat Oncol Biol Phys. 2025 Aug 1;122(5):1217-1226. doi: 10.1016/j.ijrobp.2025.02.041. Epub 2025 Mar 5.,Rimner A,Int J Radiat Oncol Biol Phys,2025,2025/3/7,,,10.1016/j.ijrobp.2025.02.041,https://pubmed.ncbi.nlm.nih.gov/40054586/,https://linkinghub.elsevier.com/retrieve/pii/S0360-3016(25)00196-8,,skipped,Missing PDF URL
40024442,First-Line Lorlatinib Versus Crizotinib in Asian Patients With Advanced ALK-Positive NSCLC: Five-Year Outcomes From the CROWN Study,"Wu YL, Kim HR, Soo RA, Zhou Q, Akamatsu H, Chang GC, Chiu CH, Hayashi H, Kim SW, Goto Y, Kato T, Zhou J, Lee VH, Nishio M, Han B, Kim DW, Lu S, Polli A, Martini JF, Toffalorio F, Wong CH, Mok T.",J Thorac Oncol. 2025 Jul;20(7):955-968. doi: 10.1016/j.jtho.2025.02.021. Epub 2025 Feb 28.,Wu YL,J Thorac Oncol,2025,2025/3/2,,,10.1016/j.jtho.2025.02.021,https://pubmed.ncbi.nlm.nih.gov/40024442/,https://doi.org/10.1016/j.jtho.2025.02.021,,skipped,Missing PDF URL
40023017,"A randomised non-comparative phase II study of atezolizumab, bevacizumab and chemotherapy in EGFR-mutant NSCLC with acquired resistance - The ETOP 15-19 ABC-lung trial","Soo RA, Vervita K, Früh M, Cho BC, Majem M, Rodriguez Abreu D, Ribi K, Callejo A, Moran T, Domine Gomez M, Provencio M, Addeo A, Han JY, Ortega Granados AL, Reck M, Blasco A, Garcia Campelo R, Sala González MA, Britschgi C, Roschitzki-Voser H, Ruepp B, Gasca-Ruchti A, Haberecker M, Dafni U, Peters S, Stahel RA; ETOP 15-19 ABC-lung collaborators.",Lung Cancer. 2025 Apr;202:108454. doi: 10.1016/j.lungcan.2025.108454. Epub 2025 Feb 20.,Soo RA,Lung Cancer,2025,2025/3/1,,,10.1016/j.lungcan.2025.108454,https://pubmed.ncbi.nlm.nih.gov/40023017/,https://linkinghub.elsevier.com/retrieve/pii/S0169-5002(25)00075-3,,skipped,Missing PDF URL
40020696,"Trastuzumab rezetecan, a HER2-directed antibody-drug conjugate, in patients with advanced HER2-mutant non-small-cell lung cancer (HORIZON-Lung): phase 2 results from a multicentre, single-arm study","Li Z, Wang Y, Sun Y, Wang L, Li X, Sun L, He Z, Yang H, Wang Y, Wang Q, Song Z, Hong W, Wang Y, Xia G, Yu Y, Peng M, Song Y, Wang D, Meng R, Fang J, Luo Y, Liang W, Hu S, Wang Z, Song K, Li Y, Yang L, Shi W, Lu S.",Lancet Oncol. 2025 Apr;26(4):437-446. doi: 10.1016/S1470-2045(25)00012-9. Epub 2025 Feb 25.,Li Z,Lancet Oncol,2025,2025/2/28,,,10.1016/S1470-2045(25)00012-9,https://pubmed.ncbi.nlm.nih.gov/40020696/,https://linkinghub.elsevier.com/retrieve/pii/S1470-2045(25)00012-9,,skipped,Missing PDF URL
40015915,Prognostic Value of FDG PET Metabolic Parameters Before and After 42 Gy of Radiochemotherapy in Patients with Inoperable Stage III Nonsmall Cell Lung Cancer,"Vera P, Giraud P, Hapdey S, Gouel P, Jan O, Le Roux P, Langlais A, Lévêque E, Le Tinier F, Olivier A, Martin E, Berriolo-Riedinger A, Pourel N, Broglia JM, Boisselier P, Guillemard S, Salem N, Brenot-Rossi I, Garcia C, Berthold C, Giroux-Leprieur E, Moreau D, Guillerm S, Benali K, Tessonnier L, Audigier-Valette C, Lerouge D, Quak E, Massabeau C, Courbon F, Loo M, Larrouy A, Ghazzar N, Chaumet-Riffaud P, Amour E, Zalcman G, Modzelewski R, Thureau S.",J Nucl Med. 2025 Apr 1;66(4):516-524. doi: 10.2967/jnumed.124.268499.,Vera P,J Nucl Med,2025,2025/2/27,,,10.2967/jnumed.124.268499,https://pubmed.ncbi.nlm.nih.gov/40015915/,https://www.nih.gov/,,failed,row_timeout>150s
39999636,"Long-term outcomes of neoadjuvant gefitinib in resectable stage II-IIIA non-small cell lung cancer: A phase II, prospective cohort study","Ma Z, Fu F, Zhang Y, Chen H.",Lung Cancer. 2025 Mar;201:108457. doi: 10.1016/j.lungcan.2025.108457. Epub 2025 Feb 22.,Ma Z,Lung Cancer,2025,2025/2/25,,,10.1016/j.lungcan.2025.108457,https://pubmed.ncbi.nlm.nih.gov/39999636/,https://linkinghub.elsevier.com/retrieve/pii/S0169-5002(25)00078-9,,skipped,Missing PDF URL
39993594,Diagnostic Yield and Synergistic Impact of Needle Aspiration and Forceps Biopsy With Electromagnetic Navigation Bronchoscopy for Peripheral Pulmonary Lesions: A Randomized Controlled Trial,"Kim YW, Kim HJ, Kwon BS, Lee YJ, Song MJ, Yoon SH, Lim SY, Lee YJ, Park JS, Cho YJ, Lee KH, Chung JH, Han YB, Maldonado F, Ahn SY, Park Y, Joo DH, Lee JH, Lee CT.",Chest. 2025 Jul;168(1):236-247. doi: 10.1016/j.chest.2025.02.015. Epub 2025 Feb 22.,Kim YW,Chest,2025,2025/2/24,,,10.1016/j.chest.2025.02.015,https://pubmed.ncbi.nlm.nih.gov/39993594/,https://doi.org/10.1016/j.chest.2025.02.015,,skipped,Missing PDF URL
39983444,"ENDOLUNG trial, part II. A phase II study of the Akt/mTOR inhibitor and autophagy inducer ibrilatazar (ABTL0812) in combination with paclitaxel/carboplatin in patients with squamous non-small cell lung cancer","Bosch-Barrera J, Estévez-García P, Martín-Martorell P, Sabatier R, Nadal E, Sais E, Gascón P, Oaknin A, Rodon J, Lizcano JM, Muñoz-Guardiola P, Fierro-Durán G, Pedrós-Gámez O, Pérez-Montoyo H, Yeste-Velasco M, Cortal M, Pérez-Campos A, Alfón J, Domènech C, Morán T.",Lung Cancer. 2025 Mar;201:108105. doi: 10.1016/j.lungcan.2025.108105. Epub 2025 Feb 7.,Bosch-Barrera J,Lung Cancer,2025,2025/2/21,,,10.1016/j.lungcan.2025.108105,https://pubmed.ncbi.nlm.nih.gov/39983444/,https://linkinghub.elsevier.com/retrieve/pii/S0169-5002(25)00026-1,,skipped,Missing PDF URL
39938593,Lurbinectedin Plus Pembrolizumab in Relapsed SCLC: The Phase I/II LUPER Study,"Calles A, Navarro A, Doger de Speville Uribe BG, Colomé EÁ, de Miguel M, Álvarez R, Arregui M, Moreno V, Rocha P, Calvo E, Ramon-Patino J, Corral de la Fuente E, Alcalá-López D, Boix O, Fernández-Pinto M, Rodríguez-Morató J, Palmero R, Nadal E, Jove M, Felip E.",J Thorac Oncol. 2025 Jul;20(7):969-982. doi: 10.1016/j.jtho.2025.02.005. Epub 2025 Feb 10.,Calles A,J Thorac Oncol,2025,2025/2/12,,,10.1016/j.jtho.2025.02.005,https://pubmed.ncbi.nlm.nih.gov/39938593/,https://linkinghub.elsevier.com/retrieve/pii/S1556-0864(25)00064-4,,skipped,Missing PDF URL
39923717,Efficacy and safety of brigatinib in patients with ALK TKI-naive advanced ALK+ NSCLC: Integrated analysis of the ALTA-1L and J-ALTA trials,"Camidge DR, Sugawara S, Kondo M, Kim HR, Ahn MJ, Yang JCH, Han JY, Hochmair MJ, Lee KH, Delmonte A, Kudou K, Asato T, Hupf B, Vranceanu F, Fram RJ, Ohe Y, Popat S.",Lung Cancer. 2025 Mar;201:108424. doi: 10.1016/j.lungcan.2025.108424. Epub 2025 Feb 4.,Camidge DR,Lung Cancer,2025,2025/2/9,,,10.1016/j.lungcan.2025.108424,https://pubmed.ncbi.nlm.nih.gov/39923717/,https://linkinghub.elsevier.com/retrieve/pii/S0169-5002(25)00045-5,,skipped,Missing PDF URL
39922319,"Concurrent and Consolidative Carboplatin Plus Nab-Paclitaxel or Paclitaxel in Locally Advanced NSCLC: A Multicenter, Randomized Clinical Trial","Zhang Y, Laine AM, Iyengar P, Westover KD, Dowell JE, Hughes RS, Christie A, Mickel T, Attia A, Villaruz L, Chen Y, Spigel DR, Socinski MA, Timmerman RD, Gerber DE.",Int J Radiat Oncol Biol Phys. 2025 Jun 1;122(2):374-382. doi: 10.1016/j.ijrobp.2025.01.027. Epub 2025 Feb 6.,Zhang Y,Int J Radiat Oncol Biol Phys,2025,2025/2/8,,,10.1016/j.ijrobp.2025.01.027,https://pubmed.ncbi.nlm.nih.gov/39922319/,https://doi.org/10.1016/j.ijrobp.2025.01.027,,skipped,Missing PDF URL
39914443,"Rezivertinib versus gefitinib as first-line therapy for patients with EGFR-mutated locally advanced or metastatic non-small-cell lung cancer (REZOR): a multicentre, double-blind, randomised, phase 3 study","Shi Y, Guo Y, Li X, Wu L, Chen Z, Yang S, Bi M, Zhao Y, Yao W, Yu H, Wang K, Zhao W, Sun M, Zhang L, He Z, Lin Y, Shi J, Zhu B, Wang L, Pan Y, Shi H, Sun S, Wen M, Zhou R, Guo S, Han Z, Yi T, Zhang H, Cang S, Yu Z, Zhong D, Cui J, Fang J, Gao J, Li M, Ma R, Jiang M, Qin J, Shu Y, Ye F, Hu S, Li W, Lu H, Yang M, Yi S, Zhang Y, Fan Y, Ji H, Liu Z, Wang H, Zhou X, Zhang D, Peng J, Shen H, Gao F, Wang T, Zhou A.",Lancet Respir Med. 2025 Apr;13(4):327-337. doi: 10.1016/S2213-2600(24)00417-X. Epub 2025 Feb 3.,Shi Y,Lancet Respir Med,2025,2025/2/6,,,10.1016/S2213-2600(24)00417-X,https://pubmed.ncbi.nlm.nih.gov/39914443/,https://linkinghub.elsevier.com/retrieve/pii/S2213-2600(24)00417-X,,skipped,Missing PDF URL
39901855,The Optimal Physical Recovery After Hospitalization (OPRAH) intervention to improve physical activity and protein intake after oncological surgery: a feasibility study,"de Leeuwerk M, Ten Dam S, van der Heide M, Kruizenga H, Geleijn E, de Groot V, van der Leeden M, van der Schaaf M.",Disabil Rehabil. 2025 Sep;47(18):4810-4822. doi: 10.1080/09638288.2025.2456583. Epub 2025 Feb 4.,de Leeuwerk M,Disabil Rehabil,2025,2025/2/4,,,10.1080/09638288.2025.2456583,https://pubmed.ncbi.nlm.nih.gov/39901855/,https://www.tandfonline.com/doi/full/10.1080/09638288.2025.2456583,,failed,row_timeout>150s
39893774,First-line nivolumab plus platinum chemotherapy and bevacizumab for advanced nonsquamous non-small cell lung cancer: A 3-year follow-up of the phase 3 randomized TASUKI-52 trial,"Lee KH, Lee JS, Sugawara S, Kang JH, Kim HR, Inui N, Hida T, Yoshida T, Tanaka H, Yang CT, Inoue T, Nishio M, Ohe Y, Tamura T, Yamamoto N, Yu CJ, Akamatsu H, Takahashi S, Nakagawa K.",Lung Cancer. 2025 Mar;201:108109. doi: 10.1016/j.lungcan.2025.108109. Epub 2025 Jan 25.,Lee KH,Lung Cancer,2025,2025/2/2,,,10.1016/j.lungcan.2025.108109,https://pubmed.ncbi.nlm.nih.gov/39893774/,https://doi.org/10.1016/j.lungcan.2025.108109,,skipped,Missing PDF URL
39892382,"Toripalimab plus platinum-doublet chemotherapy as perioperative therapy for initially unresectable NSCLC: An open-label, phase 2 trial","Zeng L, Yan H, Jiang W, Qin H, Dai J, Zhang Y, Wei S, Chen S, Liu L, Xiong Y, Yang H, Li Y, Wang Z, Deng L, Xu Q, Peng L, Zhang R, Fang C, Chen X, Deng J, Wang J, Li T, Liu H, Zhang G, Yang N, Zhang Y.",Med. 2025 Jun 13;6(6):100574. doi: 10.1016/j.medj.2025.100574. Epub 2025 Jan 31.,Zeng L,Med,2025,2025/2/1,,,10.1016/j.medj.2025.100574,https://pubmed.ncbi.nlm.nih.gov/39892382/,https://doi.org/10.1016/j.medj.2025.100574,,skipped,Missing PDF URL
39884222,"Health-related quality of life and symptoms in patients with previously untreated, locally advanced or metastatic non-squamous non-small cell lung cancer treated with sintilimab or placebo plus pemetrexed and platinum (ORIENT-11): A randomized, double-blind, phase 3 trial","Liu T, He J, Wang Y, Yang Y, Zhang L, Shi M, Liu J, Sun D, Wang Z, Fang J, Yu Q, Han B, Cang S, Chen G, Mei X, Yang Z, Huang Y, Fang W, Yang Y, Zhao Y, Zhang L.",Lung Cancer. 2025 Feb;200:108108. doi: 10.1016/j.lungcan.2025.108108. Epub 2025 Jan 27.,Liu T,Lung Cancer,2025,2025/1/30,,,10.1016/j.lungcan.2025.108108,https://pubmed.ncbi.nlm.nih.gov/39884222/,https://linkinghub.elsevier.com/retrieve/pii/S0169-5002(25)00029-7,,skipped,Missing PDF URL
39880580,Analytical and Clinical Validation of the Plasma-Based Guardant360 CDx Test for Assessing HER2 (ERBB2) Mutation Status in Patients with Non-Small-Cell Lung Cancer for Treatment with Trastuzumab Deruxtecan in DESTINY-Lung01/02,"Qi Z, Tokuhiro S, Odegaard JI, Wienke S, Karnoub M, Feng W, Shiga R, Smit EF, Goto Y, De Langen AJ, Goto K, Pereira K, Khambata-Ford S.",J Mol Diagn. 2025 Feb;27(2):119-129. doi: 10.1016/j.jmoldx.2024.11.006.,Qi Z,J Mol Diagn,2025,2025/1/29,,,10.1016/j.jmoldx.2024.11.006,https://pubmed.ncbi.nlm.nih.gov/39880580/,https://doi.org/10.1016/j.jmoldx.2024.11.006,,skipped,Missing PDF URL
39879779,Prolgolimab with chemotherapy as first-line treatment for advanced non-squamous non-small-cell lung cancer,"Laktionov K, Smolin A, Stroyakovskiy D, Moiseenko V, Dvorkin M, Andabekov T, Cheng Y, Liu B, Kozlov V, Odintsova S, Dvoretsky S, Mochalova A, Urda M, Yi T, Li X, László U, Müller V, Bogos K, Fadeeva N, Musaev G, Liu Q, Kirtbaya D, Shi J, Gladkov O, Narimanov M, Semiglazova T, Khasanova A, Chovanec J, Andrašina I, Szabová A, Rosinská O, Sudekova D, Zsolt PS, Ran F, Sun M, Jiang O, Chen R, Zhao E, Liu C, Tan W, Pirmagomedov A, Poddubskaya E, Kislov N, Shumskaya I, Sorokina I, Zinkina-Orikhan A, Linkova Y, Fogt S, Liaptseva D, Siliutina A, Basova O, Kryukov F.",Eur J Cancer. 2025 Feb 25;217:115255. doi: 10.1016/j.ejca.2025.115255. Epub 2025 Jan 21.,Laktionov K,Eur J Cancer,2025,2025/1/29,,,10.1016/j.ejca.2025.115255,https://pubmed.ncbi.nlm.nih.gov/39879779/,https://linkinghub.elsevier.com/retrieve/pii/S0959-8049(25)00036-X,,skipped,Missing PDF URL
39873729,Long-term survival from a randomized controlled trial of lobectomy by video-assisted thoracoscopic surgery versus thoracotomy for early-stage lung cancer,"Dittberner FA, Bendixen M, Licht PB.",Eur J Cardiothorac Surg. 2025 Jul 1;67(7):ezaf017. doi: 10.1093/ejcts/ezaf017.,Dittberner FA,Eur J Cardiothorac Surg,2025,2025/1/28,,,10.1093/ejcts/ezaf017,https://pubmed.ncbi.nlm.nih.gov/39873729/,https://academic.oup.com/ejcts/article/doi/10.1093/ejcts/ezaf017/7985575,,failed,"https://academic.oup.com/ejcts/article/67/7/ezaf017/61663071/ezaf017.pdf -> 403:text/html; charset=UTF-8:<!DOCTYPE html><html lang=""en-US""><head><title>Just a moment...</title><meta htt | HTTP 403 | chrome_persistent:https://academic.oup.com/ejcts/advance-article-pdf/doi/10.1093/ejcts/ezaf017/61663071/ezaf017.pdf -> block_page | chrome_persistent:https://academic.oup.com/ejcts/article-pdf/67/7/ezaf017/61663071/ezaf017.pdf -> block_page | chrome:https://doi.org/10.1093/ejcts/ezaf017 -> block_page | chrome:no_pdf_control | chrome:https://pubmed.ncbi.nlm.nih.gov/39873729/ -> block_page"
39862898,Randomized Evaluation of the PET-Adjusted IMRT for NSCLC Trial (REPAINT),"Ohri N, Bodner WR, Kabarriti R, Shankar V, Gucalp R, Cheng H, Halmos B.",Int J Radiat Oncol Biol Phys. 2025 Jun 1;122(2):365-373. doi: 10.1016/j.ijrobp.2025.01.005. Epub 2025 Jan 23.,Ohri N,Int J Radiat Oncol Biol Phys,2025,2025/1/25,,,10.1016/j.ijrobp.2025.01.005,https://pubmed.ncbi.nlm.nih.gov/39862898/,https://linkinghub.elsevier.com/retrieve/pii/S0360-3016(25)00055-0,,skipped,Missing PDF URL
39836372,"MAPK Pathway-Activating Alteration and Immunotherapy Efficacy in Squamous Cell Lung Carcinoma: Results from the Randomized, Prospective SQUINT Trial","Cappuzzo F, Ricciuti B, Delmonte A, Bonanno L, Wang X, Lye WK, Görtz A, Andrikou K, Dal Maso A, Minuti G, Papi M, Alessi JV, Di Federico A, Rodig S, Awad MM, Metro G, Attili I, Vitiello F, Pilotto S, Gori S, Rossi G, Buglioni S, Giannarelli D, Landi L.",Clin Cancer Res. 2025 Mar 17;31(6):1027-1036. doi: 10.1158/1078-0432.CCR-24-2077.,Cappuzzo F,Clin Cancer Res,2025,2025/1/21,,,10.1158/1078-0432.CCR-24-2077,https://pubmed.ncbi.nlm.nih.gov/39836372/,https://www.nih.gov/,,failed,row_timeout>150s
39828466,Neratinib Efficacy in Patients With EGFR Exon 18-Mutant Non-Small-Cell Lung Cancer: Findings From the SUMMIT Basket Trial,"Goldman JW, Bueno AM, Dooms C, Jhaveri K, de Miguel M, Piha-Paul SA, Unni N, Zick A, Mahipal A, Suga JM, Naltet C, Antoñanzas M, Crown J, Bebchuk J, Eli LD, Lowenthal BH, Mahalingam D.",Clin Lung Cancer. 2025 May;26(3):191-200.e1. doi: 10.1016/j.cllc.2024.12.003. Epub 2024 Dec 11.,Goldman JW,Clin Lung Cancer,2025,2025/1/19,,,10.1016/j.cllc.2024.12.003,https://pubmed.ncbi.nlm.nih.gov/39828466/,https://doi.org/10.1016/j.cllc.2024.12.003,,skipped,Missing PDF URL
39805351,"Results from a phase Ib study of telisotuzumab vedotin in combination with osimertinib in patients with c-Met protein-overexpressing, EGFR-mutated locally advanced/metastatic non-small-cell lung cancer (NSCLC) after progression on prior osimertinib","Horinouchi H, Cho BC, Camidge DR, Goto K, Tomasini P, Li Y, Vasilopoulos A, Brunsdon P, Hoffman D, Shi W, Bolotin E, Blot V, Goldman J.",Ann Oncol. 2025 May;36(5):583-591. doi: 10.1016/j.annonc.2025.01.001. Epub 2025 Jan 11.,Horinouchi H,Ann Oncol,2025,2025/1/13,,,10.1016/j.annonc.2025.01.001,https://pubmed.ncbi.nlm.nih.gov/39805351/,https://doi.org/10.1016/j.annonc.2025.01.001,,skipped,Missing PDF URL
39786465,Activity and Safety of Avelumab in High-Grade Neuroendocrine Tumors and Poorly Differentiated Neuroendocrine Carcinomas Progressive after Chemotherapy (AveNEC Trial),"Fottner C, Apostolidis L, Krug S, Rinke A, Grün B, Michl P, Gress TM, Wagner DC, Roth W, Mettler E, Topsch J, Ruckes C, Galle PR, Weber MM.",Clin Cancer Res. 2025 Mar 3;31(5):860-867. doi: 10.1158/1078-0432.CCR-24-2461.,Fottner C,Clin Cancer Res,2025,2025/1/9,,,10.1158/1078-0432.CCR-24-2461,https://pubmed.ncbi.nlm.nih.gov/39786465/,https://www.nih.gov/,,failed,row_timeout>150s
39761624,Optimum diagnostic pathway and pathologic confirmation rate of early stage lung cancer: Results from the VIOLET randomised controlled trial,"Harris RA, Stokes EA, Batchelor TJP, Internullo E, West D, Jordan S, Nicholson AG, Paul I, Jacobs C, Shackcloth M, Feeney S, Anikin V, McGonigle N, Steyn R, Kalkat M, Stavroulias D, Havinden Williams M, Qadri S, Dobbs K, Zamvar V, Macdonald L, Kaur S, Rogers CA, Lim E; VIOLET trialists.",Lung Cancer. 2025 Jan;199:108070. doi: 10.1016/j.lungcan.2024.108070. Epub 2024 Dec 26.,Harris RA,Lung Cancer,2025,2025/1/6,,,10.1016/j.lungcan.2024.108070,https://pubmed.ncbi.nlm.nih.gov/39761624/,https://linkinghub.elsevier.com/retrieve/pii/S0169-5002(24)00604-4,,skipped,Missing PDF URL
39756446,"Brain radiotherapy combined with camrelizumab and platinum-doublet chemotherapy for previously untreated advanced non-small-cell lung cancer with brain metastases (C-Brain): a multicentre, single-arm, phase 2 trial","Xu Y, Chen K, Xu Y, Li H, Huang Z, Lu H, Huang D, Yu S, Han N, Gong L, Qin J, Chen J, Xie F, Hong W, Lin X, Cheng F, Luo X, Fan Y.",Lancet Oncol. 2025 Jan;26(1):74-84. doi: 10.1016/S1470-2045(24)00643-0.,Xu Y,Lancet Oncol,2025,2025/1/5,,,10.1016/S1470-2045(24)00643-0,https://pubmed.ncbi.nlm.nih.gov/39756446/,https://doi.org/10.1016/s1470-2045(24)00643-0,,skipped,Missing PDF URL
39755169,A Prospective Phase II Trial of First-Line Osimertinib for Patients With EGFR Mutation-Positive NSCLC and Poor Performance Status (OPEN/TORG2040),"Fukui T, Mamesaya N, Takahashi T, Kishi K, Yoshizawa T, Tokito T, Azuma K, Morikawa K, Igawa S, Okuma Y, Yamanaka Y, Hosokawa S, Kasai T, Masubuchi K, Nakamichi S, Aga M, Sasaki J, Kada A, Saito AM, Naoki K, Okamoto H; Thoracic Oncology Research Group (TORG).",J Thorac Oncol. 2025 May;20(5):665-675. doi: 10.1016/j.jtho.2024.12.027. Epub 2025 Jan 2.,Fukui T,J Thorac Oncol,2025,2025/1/4,,,10.1016/j.jtho.2024.12.027,https://pubmed.ncbi.nlm.nih.gov/39755169/,https://doi.org/10.1016/j.jtho.2024.12.027,,skipped,Missing PDF URL
39746587,A novel injectable nanotherapeutic platform increasing the bioavailability and anti-tumor efficacy of Arachidonylcyclopropylamide on an ectopic non-small cell lung cancer xenograft model: A randomized controlled trial,"Boyacıoğlu Ö, Varan C, Bilensoy E, Aykut ZG, Reçber T, Nemutlu E, Kılıç N, Korkusuz P.",Int J Pharm. 2025 Feb 10;670:125153. doi: 10.1016/j.ijpharm.2024.125153. Epub 2024 Dec 31.,Boyacıoğlu Ö,Int J Pharm,2025,2025/1/2,,,10.1016/j.ijpharm.2024.125153,https://pubmed.ncbi.nlm.nih.gov/39746587/,https://linkinghub.elsevier.com/retrieve/pii/S0378-5173(24)01387-5,,skipped,Missing PDF URL
39743377,"A Phase II, Open Label, Single-Arm Study on the Efficacy of Cabozantinib in Patients With Advanced/Metastatic Nonsmall Cell Lung Cancer Harboring MET Exon 14 Alterations who Developed Acquired Resistance to Tepotinib or Capmatinib (CAPTURE Trial)","Takeda M, Ota M, Iwama E, Sugawara S, Shukuya T, Umemura S, Tanaka H, Oki M, Takahama T, Masuda T, Nogami N, Shimokawa M.",Clin Lung Cancer. 2025 May;26(3):e232-e235. doi: 10.1016/j.cllc.2024.12.004. Epub 2024 Dec 9.,Takeda M,Clin Lung Cancer,2025,2025/1/1,,,10.1016/j.cllc.2024.12.004,https://pubmed.ncbi.nlm.nih.gov/39743377/,https://doi.org/10.1016/j.cllc.2024.12.004,,skipped,Missing PDF URL
39700682,Impact of locoregional recurrence versus distant metastasis on overall survival in patients with Non-Small cell lung cancer after Surgery: A secondary analysis of PORT-C RCT,"Ma Z, Liu Y, Bao Y, Wang M, Yang X, Men Y, Wang J, Deng L, Zhai Y, Hu C, Bi N, Wang L, Hui Z.",Lung Cancer. 2025 Jan;199:108063. doi: 10.1016/j.lungcan.2024.108063. Epub 2024 Dec 16.,Ma Z,Lung Cancer,2025,2024/12/19,,,10.1016/j.lungcan.2024.108063,https://pubmed.ncbi.nlm.nih.gov/39700682/,https://linkinghub.elsevier.com/retrieve/pii/S0169-5002(24)00597-X,,skipped,Missing PDF URL
39700681,"An open-label, randomized phase III study of early switch maintenance vs delayed second-line nivolumab in advanced stage squamous non-small cell lung cancer (NSCLC) patients after standard first-line platinum-based chemotherapy-EDEN trial GOIRC 04-2016","Gelsomino F, Boni L, Tiseo M, Ricciardi S, Rocco D, Cortinovis DL, Proietto M, Cogoni A, Pasello G, Camerini A, Sperandi F, Colantonio I, Metro G, Mazzoni F, Baldini E, Veccia A, Bennicelli E, Cecilia Bettini A, Tognetto M, Ardizzoni A.",Lung Cancer. 2025 Jan;199:108059. doi: 10.1016/j.lungcan.2024.108059. Epub 2024 Dec 15.,Gelsomino F,Lung Cancer,2025,2024/12/19,,,10.1016/j.lungcan.2024.108059,https://pubmed.ncbi.nlm.nih.gov/39700681/,https://linkinghub.elsevier.com/retrieve/pii/S0169-5002(24)00593-2,,skipped,Missing PDF URL
39694415,LIBELULE: A Randomized Phase III Study to Evaluate the Clinical Relevance of Early Liquid Biopsy in Patients With Suspicious Metastatic Lung Cancer,"Swalduz A, Schiffler C, Curcio H, Ambasager B, Le Moel G, Debieuvre D, Dot JM, Duruisseaux M, Fournel P, Odier L, Demolombe S, Bizieux-Thaminy A, Peytier A, Schott R, Hominal S, Tissot C, Bombaron P, Metzger S, Donnat M, Ortiz-Cuaran S, Rosenfeld N, Pipinikas C, Saintigny P, Pérol M.",J Thorac Oncol. 2025 Apr;20(4):437-450. doi: 10.1016/j.jtho.2024.12.011. Epub 2024 Dec 16.,Swalduz A,J Thorac Oncol,2025,2024/12/18,,,10.1016/j.jtho.2024.12.011,https://pubmed.ncbi.nlm.nih.gov/39694415/,https://linkinghub.elsevier.com/retrieve/pii/S1556-0864(24)02530-9,,skipped,Missing PDF URL
39693892,Hydroxychloroquine in combination with platinum doublet chemotherapy as first-line treatment for extensive-stage small cell lung cancer (Study 15): A randomised phase II multicentre trial,"Lee SM, Hewish M, Ahmed S, Papadatos-Pastos D, Karapanagiotou E, Blackhall F, Ford A, Young R, Garcia A, Arora A, Hollingdale A, Ahmad T, Forster M, Greystoke A, Bremner F, Rudd R, Farrelly L, Vaja S, Hackshaw A.",Eur J Cancer. 2025 Jan 17;215:115162. doi: 10.1016/j.ejca.2024.115162. Epub 2024 Dec 6.,Lee SM,Eur J Cancer,2025,2024/12/18,,,10.1016/j.ejca.2024.115162,https://pubmed.ncbi.nlm.nih.gov/39693892/,https://linkinghub.elsevier.com/retrieve/pii/S0959-8049(24)01769-6,,skipped,Missing PDF URL
39615497,"Primary lung tumour stereotactic body radiotherapy followed by concurrent mediastinal chemoradiotherapy and adjuvant immunotherapy for locally advanced non-small-cell lung cancer: a multicentre, single-arm, phase 2 trial","Heinzerling JH, Mileham KF, Robinson MM, Symanowski JT, Induru RR, Brouse GM, Corso CD, Prabhu RS, Haggstrom DE, Moeller BJ, Bobo WE, Fasola CE, Thakkar VV, Pal SE, Gregory JM, Norek SL, Begic XJ, Kesarwala AH, Burri SH, Simone CB 2nd.",Lancet Oncol. 2025 Jan;26(1):85-97. doi: 10.1016/S1470-2045(24)00573-4. Epub 2024 Nov 29.,Heinzerling JH,Lancet Oncol,2025,2024/11/30,,,10.1016/S1470-2045(24)00573-4,https://pubmed.ncbi.nlm.nih.gov/39615497/,https://doi.org/10.1016/s1470-2045(24)00573-4,,skipped,Missing PDF URL
39615412,Impact of HA-PCI on self-reported cognitive functioning and brain metastases in small-cell lung cancer: Pooled findings of NCT01780675 and PREMER trials,"Zeng H, Schagen SB, Hendriks LEL, Sánchez-Benavides G, Jaspers JPM, Manero RM, Lievens Y, Murcia-Mejía M, Kuenen M, Rico-Oses M, Albers EAC, Samper P, Houben R, de Ruiter MB, Dieleman EMT, López-Guerra JL, De Jaeger K, Couñago F, Lambrecht M, Calvo-Crespo P, Belderbos JSA, De Ruysscher DKM, Rodríguez de Dios N.",Lung Cancer. 2025 Jan;199:108036. doi: 10.1016/j.lungcan.2024.108036. Epub 2024 Nov 23.,Zeng H,Lung Cancer,2025,2024/11/30,,,10.1016/j.lungcan.2024.108036,https://pubmed.ncbi.nlm.nih.gov/39615412/,https://linkinghub.elsevier.com/retrieve/pii/S0169-5002(24)00570-1,,skipped,Missing PDF URL
39581197,Perioperative tislelizumab plus neoadjuvant chemotherapy for patients with resectable non-small-cell lung cancer (RATIONALE-315): an interim analysis of a randomised clinical trial,"Yue D, Wang W, Liu H, Chen Q, Chen C, Liu L, Zhang P, Zhao G, Yang F, Han G, Cheng Y, Yu B, Yang Y, Chen H, Jiang J, Tan L, Xu S, Mao N, Hu J, Zhang L, Yao B, Wang S, Wang RH, Zheng W, Wang C; RATIONALE-315 investigators.",Lancet Respir Med. 2025 Feb;13(2):119-129. doi: 10.1016/S2213-2600(24)00269-8. Epub 2024 Nov 21.,Yue D,Lancet Respir Med,2025,2024/11/24,,,10.1016/S2213-2600(24)00269-8,https://pubmed.ncbi.nlm.nih.gov/39581197/,https://linkinghub.elsevier.com/retrieve/pii/S2213-2600(24)00269-8,,skipped,Missing PDF URL
39551469,"Safety, Efficacy, and Biomarker Analysis of Deulorlatinib (TGRX-326) in Anaplastic Lymphoma Kinase-Positive NSCLC: A Multicenter, Open-Label, Phase 1/1b Trial","Zhao S, Zhou H, Yang N, Wang Z, Jin W, Ma Y, Xue J, Li X, Liu Y, Meng R, Zhou J, Cheng Y, Wang Y, Yu Z, Cao Y, Zhao Y, Huang Y, Fang W, Zhang Y, Hong S, Wu B, Shi Y, Cao J, Xu M, Zhang X, Hu L, Peng B, Yang Y, Zhang L, Zhao H.",J Thorac Oncol. 2025 Jun;20(6):750-762. doi: 10.1016/j.jtho.2024.11.010. Epub 2024 Nov 15.,Zhao S,J Thorac Oncol,2025,2024/11/17,,,10.1016/j.jtho.2024.11.010,https://pubmed.ncbi.nlm.nih.gov/39551469/,https://doi.org/10.1016/j.jtho.2024.11.010,,skipped,Missing PDF URL
39521433,Durvalumab Versus Chemotherapy as First-line Treatment for Metastatic NSCLC With Tumor PD-L1 Expression of 25% or Higher: Results From the Randomized Phase 3 PEARL Study,"Lu S, Wu L, Wang Q, Wang Z, Lv D, Ma R, Zhu B, van Tran N, Jiang L, Nan K, Laktionov K, Clarke S, Song M, Mann H, Liu Y, Shi X, Wu YL.",J Thorac Oncol. 2025 Mar;20(3):366-382. doi: 10.1016/j.jtho.2024.10.024. Epub 2024 Nov 7.,Lu S,J Thorac Oncol,2025,2024/11/9,,,10.1016/j.jtho.2024.10.024,https://pubmed.ncbi.nlm.nih.gov/39521433/,https://doi.org/10.1016/j.jtho.2024.10.024,,skipped,Missing PDF URL
39501485,"Prior antibiotics, proton pump inhibitors, and probiotics in patients with extensive stage small cell lung cancer treated with immune checkpoint blockade: A post-hoc analysis of the phase I/III IMpower 133 trial","Takada K, Takamori S, Shimokawa M, Pinato DJ, Cortellini A.",Int J Cancer. 2025 Mar 1;156(5):914-919. doi: 10.1002/ijc.35249. Epub 2024 Nov 5.,Takada K,Int J Cancer,2025,2024/11/6,,,10.1002/ijc.35249,https://pubmed.ncbi.nlm.nih.gov/39501485/,https://onlinelibrary.wiley.com/doi/full/10.1002/ijc.35249,,failed,row_timeout>150s
39490906,Evaluation of Radiation Pneumonitis in a Phase 2 Study of Consolidation Immunotherapy With Nivolumab and Ipilimumab or Nivolumab Alone Following Concurrent Chemoradiation Therapy for Unresectable Stage IIIA/IIIB Non-Small Cell Lung Cancer,"Weisman M, Durm G, Shields MD, Hanna NH, Althouse S, Lautenschlaeger T.",Int J Radiat Oncol Biol Phys. 2025 Mar 1;121(3):720-727. doi: 10.1016/j.ijrobp.2024.09.050. Epub 2024 Oct 26.,Weisman M,Int J Radiat Oncol Biol Phys,2025,2024/11/4,,,10.1016/j.ijrobp.2024.09.050,https://pubmed.ncbi.nlm.nih.gov/39490906/,https://doi.org/10.1016/j.ijrobp.2024.09.050,,skipped,Missing PDF URL
39490738,Brief Report: Ivonescimab Combined With Etoposide Plus Carboplatin as First-Line Treatment for Extensive-Stage SCLC: Results of a Phase 1b Clinical Trial,"Chen Z, Wu L, Wang Q, Yu Y, Liu X, Ma R, Li T, Li Y, Song X, Li L, Zhao W, Wang Q, Xu X, Lu S.",J Thorac Oncol. 2025 Feb;20(2):233-239. doi: 10.1016/j.jtho.2024.10.013. Epub 2024 Oct 28.,Chen Z,J Thorac Oncol,2025,2024/11/3,,,10.1016/j.jtho.2024.10.013,https://pubmed.ncbi.nlm.nih.gov/39490738/,https://linkinghub.elsevier.com/retrieve/pii/S1556-0864(24)02421-3,,skipped,Missing PDF URL
39486424,"Nivolumab plus ipilimumab versus carboplatin-based doublet as first-line treatment for patients with advanced non-small-cell lung cancer aged ≥70 years or with an ECOG performance status of 2 (GFPC 08-2015 ENERGY): a randomised, open-label, phase 3 study","Léna H, Greillier L, Cropet C, Bylicki O, Monnet I, Audigier-Valette C, Falchero L, Vergnenègre A, Demontrond P, Geier M, Guisier F, Hominal S, Locher C, Corre R, Chouaid C, Ricordel C; GFPC 08–2015 ENERGY investigators.",Lancet Respir Med. 2025 Feb;13(2):141-152. doi: 10.1016/S2213-2600(24)00264-9. Epub 2024 Oct 29.,Léna H,Lancet Respir Med,2025,2024/11/1,,,10.1016/S2213-2600(24)00264-9,https://pubmed.ncbi.nlm.nih.gov/39486424/,https://doi.org/10.1016/s2213-2600(24)00264-9,,skipped,Missing PDF URL
39470668,Phase I/II Investigator-Initiated Study of Olaparib and Temozolomide in SCLC: Final Analysis and CNS Outcomes,"Meador CB, Digumarthy SR, Yeap BY, Hung YP, Mino-Kenudson M, Farago AF, Heist RS, Marcoux JP, Rangachari D, Barbie DA, Piotrowska Z.",Clin Cancer Res. 2025 Jan 6;31(1):25-34. doi: 10.1158/1078-0432.CCR-24-2350.,Meador CB,Clin Cancer Res,2025,2024/10/29,,,10.1158/1078-0432.CCR-24-2350,https://pubmed.ncbi.nlm.nih.gov/39470668/,https://aacrjournals.org/clincancerres/article-lookup/doi/10.1158/1078-0432.CCR-24-2350,https://www.nccn.org/professionals/physician_gls/pdf/sclc.pdf,failed,"https://aacrjournals.org/clincancerres/article/31/1/25/3528296/ccr-24-2350.pdf -> 403:text/html; charset=UTF-8:<!DOCTYPE html><html lang=""en-US""><head><title>Just a moment...</title><meta htt | HTTP 403 | chrome_persistent:https://aacrjournals.org/clincancerres/article-pdf/doi/10.1158/1078-0432.CCR-24-2350/3512929/ccr-24-2350.pdf -> block_page | chrome_persistent:https://aacrjournals.org/clincancerres/article-pdf/doi/10.1158/1078-0432.CCR-24-2350/3524812/ccr-24-2350.pdf -> block_page | chrome:row_timeout>150s"
39395411,A tumor cornification and immune-infiltration-based scheme for anti-PD-1 plus chemotherapy response in advanced squamous cell lung carcinoma,"Jiang M, Sun J, Hu C, Wu L, Fan Y, Wang Z, Liu L, Wu C, Wu F, Gao G, Li F, Wang L, Li X, Cheng L, Peng B, Zhou H, Zhou C.",Med. 2025 Feb 14;6(2):100516. doi: 10.1016/j.medj.2024.09.005. Epub 2024 Oct 11.,Jiang M,Med,2025,2024/10/12,,,10.1016/j.medj.2024.09.005,https://pubmed.ncbi.nlm.nih.gov/39395411/,https://linkinghub.elsevier.com/retrieve/pii/S2666-6340(24)00372-6,https://www.sciencedirect.com/science/article/pii/S2666634024003726/pdfft?md5=6f3832a6b9067fae39100be65d1b637d&pid=1-s2.0-S2666634024003726-main.pdf,failed,"Puppeteer: Execution context was destroyed, most likely because of a navigation. | Axios: HTTP 403"
39389055,First-line zorifertinib for EGFR-mutant non-small cell lung cancer with central nervous system metastases: The phase 3 EVEREST trial,"Zhou Q, Yu Y, Xing L, Cheng Y, Wang Y, Pan Y, Fan Y, Shi J, Zhang G, Cui J, Zhou J, Song Y, Zhuang W, Ma Z, Hu Y, Li G, Dong X, Feng J, Lu S, Wu J, Li J, Zhang L, Wang D, Xu X, Yang TY, Yang N, Guo Y, Zhao J, Yao Y, Zhong D, Xia B, Yang CT, Zhu B, Sun P, Shim BY, Chen Y, Wang Z, Ahn MJ, Wang J, Wu YL.",Med. 2025 Jan 10;6(1):100513. doi: 10.1016/j.medj.2024.09.002. Epub 2024 Oct 9.,Zhou Q,Med,2025,2024/10/10,,,10.1016/j.medj.2024.09.002,https://pubmed.ncbi.nlm.nih.gov/39389055/,https://linkinghub.elsevier.com/retrieve/pii/S2666-6340(24)00344-1,https://www.sciencedirect.com/science/article/pii/S2666634024003441/pdfft?md5=e1da879bc47872a1f1d4de9d58a91076&pid=1-s2.0-S2666634024003441-main.pdf,failed,"Puppeteer: Execution context was destroyed, most likely because of a navigation. | Axios: HTTP 403"
39374473,"Thoracic Radiotherapy Improves the Survival in Patients With EGFR-Mutated Oligo-Organ Metastatic Non-Small Cell Lung Cancer Treated With Epidermal Growth Factor Receptor-Tyrosine Kinase Inhibitors: A Multicenter, Randomized, Controlled, Phase III Trial","Sun H, Li M, Huang W, Zhang J, Wei S, Yang Y, Wang Z, Ye S, Gong H, Zhang Y, Li J, Song H, Wang L, Chen X, Lin H, Ding G, Li H, Zheng A, Ma X, Chen S, Liu L, Zhang K, Fu C, Liu W, Wang J, Zhang X, Liu T, Han D, Zhao Q, Wu P, Yuan Q, Tian L, Zhang P, Wu X, Chen F, Zhang Z, Li B.",J Clin Oncol. 2025 Feb;43(4):412-421. doi: 10.1200/JCO.23.02075. Epub 2024 Oct 7.,Sun H,J Clin Oncol,2025,2024/10/7,,,10.1200/JCO.23.02075,https://pubmed.ncbi.nlm.nih.gov/39374473/,https://ascopubs.org/doi/full/10.1200/JCO.23.02075,,failed,row_timeout>150s
39362312,Measuring the Integration of Stereotactic Ablative Radiotherapy Plus Surgery for Early-Stage Non-Small Cell Lung Cancer: Long-Term Clinical Outcomes,"Tan VS, Correa RJM, Nguyen TK, Louie AV, Malthaner RA, Fortin D, Rodrigues GB, Yaremko BP, Laba JM, Kwan K, Gaede S, Lee T, Ward AD, Warner A, Inculet RI, Palma DA.",Int J Radiat Oncol Biol Phys. 2025 Jan 1;121(1):39-44. doi: 10.1016/j.ijrobp.2024.07.2332. Epub 2024 Oct 1.,Tan VS,Int J Radiat Oncol Biol Phys,2025,2024/10/3,,,10.1016/j.ijrobp.2024.07.2332,https://pubmed.ncbi.nlm.nih.gov/39362312/,https://doi.org/10.1016/j.ijrobp.2024.07.2332,,skipped,Missing PDF URL
39357790,A Phase 2 Single-Arm Trial of High-Dose Precision Targeted Radiation Therapy Added to Immunotherapy for Patients With Metastatic Non-Small Cell Lung Cancer,"Gensheimer MF, Kotha NV, Vitzthum LK, Chin AL, Jackson S, van 't Erve I, Pratapneni A, Le-Budka ML, Wong S, Brown E, Barnick K, Wakelee HA, Das M, Ramchandran KJ, Myall NJ, Padda S, Marquez CM, Million L, Chen TT, Man MC, Cabebe EC, Chen MC, Hiniker S, Hancock SL, Swift PS, Diehn M, Loo BW, Neal JW.",Int J Radiat Oncol Biol Phys. 2025 Mar 1;121(3):711-719. doi: 10.1016/j.ijrobp.2024.09.038. Epub 2024 Sep 30.,Gensheimer MF,Int J Radiat Oncol Biol Phys,2025,2024/10/2,,,10.1016/j.ijrobp.2024.09.038,https://pubmed.ncbi.nlm.nih.gov/39357790/,https://doi.org/10.1016/j.ijrobp.2024.09.038,,skipped,Missing PDF URL
39271419,Abdominal Noncontrast Computed Tomography Scanning to Screen for Kidney Cancer and Other Abdominal Pathology Within Community-based Computed Tomography Screening for Lung Cancer: Results of the Yorkshire Kidney Screening Trial,"Stewart GD, Godoy A, Farquhar F, Kitt J, Cartledge J, Kimuli M, Rossi SH, Shinkins B, Burbidge S, Burge SW, Caglic I, Collins E, Crosbie PAJ, Eckert C, Fraser S, Hancock N, Iball GR, Marshall C, Masson G, Neal RD, Rogerson S, Smith A, Sharp SJ, Simmonds I, Wallace T, Ward M, Callister MEJ, Usher-Smith JA.",Eur Urol. 2025 May;87(5):561-570. doi: 10.1016/j.eururo.2024.08.029. Epub 2024 Sep 12.,Stewart GD,Eur Urol,2025,2024/9/13,,,10.1016/j.eururo.2024.08.029,https://pubmed.ncbi.nlm.nih.gov/39271419/,https://linkinghub.elsevier.com/retrieve/pii/S0302-2838(24)02567-3,https://www.sciencedirect.com/science/article/pii/S0302283824025673/pdfft?md5=b75f01eb03f99955fd81de003c906375&pid=1-s2.0-S0302283824025673-main.pdf,failed,"Puppeteer: Execution context was destroyed, most likely because of a navigation. | Axios: HTTP 403"
39243945,Durvalumab With or Without Tremelimumab in Combination With Chemotherapy in First-Line Metastatic NSCLC: Five-Year Overall Survival Outcomes From the Phase 3 POSEIDON Trial,"Peters S, Cho BC, Luft AV, Alatorre-Alexander J, Geater SL, Laktionov K, Trukhin D, Kim SW, Ursol GM, Hussein M, Lim FL, Yang CT, Araujo LH, Saito H, Reinmuth N, Lowery C, Mann H, Stewart R, Jiang H, Garon EB, Mok T, Johnson ML.",J Thorac Oncol. 2025 Jan;20(1):76-93. doi: 10.1016/j.jtho.2024.09.1381. Epub 2024 Sep 5.,Peters S,J Thorac Oncol,2025,2024/9/7,,,10.1016/j.jtho.2024.09.1381,https://pubmed.ncbi.nlm.nih.gov/39243945/,https://doi.org/10.1016/j.jtho.2024.09.1381,,skipped,Missing PDF URL
39233006,Centralized Quality Assurance of Stereotactic Body Radiation Therapy for the Veterans Affairs Cooperative Studies Program Study Number 2005: A Phase 3 Randomized Trial of Lung Cancer Surgery or Stereotactic Radiotherapy for Operable Early-Stage Non-Small Cell Lung Cancer (VALOR),"Ritter TA, Timmerman RD, Hanfi HI, Shi H, Leiner MK, Feng H, Skinner VL, Robin LM, Odle C, Amador G, Sindowski T, Snodgrass AJ, Huang GD, Reda DJ, Slatore C, Sears CR, Cornwell LD, Karas TZ, Harpole DH, Palta J, Moghanaki D.",Pract Radiat Oncol. 2025 Jan-Feb;15(1):e29-e39. doi: 10.1016/j.prro.2024.07.010. Epub 2024 Sep 2.,Ritter TA,Pract Radiat Oncol,2025,2024/9/5,,,10.1016/j.prro.2024.07.010,https://pubmed.ncbi.nlm.nih.gov/39233006/,https://doi.org/10.1016/j.prro.2024.07.010,,skipped,Missing PDF URL
39230186,Relative Bioavailability of Sotorasib Following Administration as a Water Dispersion to Healthy Subjects and Compatibility With Enteral Administration,"Cardona P, Spring M, Bao J, Xie Y, Houk B.",Clin Pharmacol Drug Dev. 2025 Jan;14(1):44-49. doi: 10.1002/cpdd.1468. Epub 2024 Sep 4.,Cardona P,Clin Pharmacol Drug Dev,2025,2024/9/4,,,10.1002/cpdd.1468,https://pubmed.ncbi.nlm.nih.gov/39230186/,https://doi.org/10.1002/cpdd.1468,,skipped,Missing PDF URL
39198970,Survivorship program including long-term toxicities and quality-of-life development over 10 years in a randomized trial in operable stage III non-small-cell lung cancer (ESPATUE),"Schulte C, Gauler T, Pöttgen C, Friedel G, Kopp HG, Fischer B, Schmidberger H, Kimmich M, Budach W, Cordes S, Wienker J, Metzenmacher M, de Los Rios RH, Spengler W, De Ruysscher D, Belka C, Welter S, Luetke-Brintrup D, Guberina M, Oezkan F, Darwiche K, Schuler M, Jöckel KH, Aigner C, Stamatis G, Stuschke M, Eberhardt WEE.",Int J Cancer. 2025 Jan 1;156(1):154-163. doi: 10.1002/ijc.35131. Epub 2024 Aug 28.,Schulte C,Int J Cancer,2025,2024/8/29,,,10.1002/ijc.35131,https://pubmed.ncbi.nlm.nih.gov/39198970/,https://doi.org/10.1002/ijc.35131,,skipped,Missing PDF URL
39177632,Effect of SBRT plus immunotherapy on immune status and survival quality of NSCLC patients: A study of combined radiotherapy and immunotherapy,"Shao L, Gao Y, Zhang D, Yang M, Jiang M, Li H, Yan Y.",Technol Health Care. 2025;33(1):485-494. doi: 10.3233/THC-241177.,Shao L,Technol Health Care,2025,2024/8/23,,,10.3233/THC-241177,https://pubmed.ncbi.nlm.nih.gov/39177632/,https://journals.sagepub.com/doi/10.3233/THC-241177?url_ver=Z39.88-2003&rfr_id=ori:rid:crossref.org&rfr_dat=cr_pub%20%200pubmed,,skipped,Missing PDF URL
39168356,Stereotactic Ablative Radiation for Oligoprogressive Cancers: Results of the Randomized Phase 2 STOP Trial,"Schellenberg D, Gabos Z, Duimering A, Debenham B, Fairchild A, Huang F, Rowe LS, Severin D, Giuliani ME, Bezjak A, Lok BH, Raman S, Chung P, Zhao Y, Ho CK, Lock M, Louie AV, Lefresne S, Carolan H, Liu M, Yau V, Ye A, Olson RA, Mou B, Mohamed IG, Petrik DW, Dosani M, Pai H, Valev B, Gaede S, Warner A, Palma DA.",Int J Radiat Oncol Biol Phys. 2025 Jan 1;121(1):28-38. doi: 10.1016/j.ijrobp.2024.08.031. Epub 2024 Aug 19.,Schellenberg D,Int J Radiat Oncol Biol Phys,2025,2024/8/21,,,10.1016/j.ijrobp.2024.08.031,https://pubmed.ncbi.nlm.nih.gov/39168356/,https://doi.org/10.1016/j.ijrobp.2024.08.031,,skipped,Missing PDF URL
38763304,Predicting therapeutic response to neoadjuvant immunotherapy based on an integration model in resectable stage IIIA (N2) non-small cell lung cancer,"Xu L, Si H, Zhuang F, Li C, Zhang L, Zhao Y, Chen T, Dong Y, Wang T, Hou L, Hu T, Sun T, She Y, Hu X, Xie D, Wu J, Wu C, Zhao D, Chen C.",J Thorac Cardiovasc Surg. 2025 Jan;169(1):242-253.e4. doi: 10.1016/j.jtcvs.2024.05.006. Epub 2024 May 17.,Xu L,J Thorac Cardiovasc Surg,2025,2024/5/19,,,10.1016/j.jtcvs.2024.05.006,https://pubmed.ncbi.nlm.nih.gov/38763304/,https://linkinghub.elsevier.com/retrieve/pii/S0022-5223(24)00437-9,,skipped,Missing PDF URL
38614212,Preoperative exercise training decreases complications of minimally invasive lung cancer surgery: A randomized controlled trial,"Zhou N, Ripley-Gonzalez JW, Zhang W, Xie K, You B, Shen Y, Cao Z, Qiu L, Li C, Fu S, Zhang C, Dun Y, Gao Y, Liu S.",J Thorac Cardiovasc Surg. 2025 Feb;169(2):516-528.e10. doi: 10.1016/j.jtcvs.2024.04.009. Epub 2024 Apr 12.,Zhou N,J Thorac Cardiovasc Surg,2025,2024/4/13,,,10.1016/j.jtcvs.2024.04.009,https://pubmed.ncbi.nlm.nih.gov/38614212/,https://linkinghub.elsevier.com/retrieve/pii/S0022-5223(24)00296-4,,skipped,Missing PDF URL
37673470,"Music therapy, quality of life and efficacy of immunotherapy for NSCLC","Duan X, Jia Y, Chai J, Li W, Tang L, Li A, Ge H, Huang R, Cheng H.",BMJ Support Palliat Care. 2025 Dec 23;16(1):140-149. doi: 10.1136/spcare-2023-004325.,Duan X,BMJ Support Palliat Care,2025,2023/9/6,,,10.1136/spcare-2023-004325,https://pubmed.ncbi.nlm.nih.gov/37673470/,https://spcare.bmj.com/lookup/pmidlookup?view=long&pmid=37673470,,skipped,Missing PDF URL
